Продукт|Цена(руб.)|Категория
Телевизор Samsung UE55NU7670U |64990.00|Телевизоры|http://mvideo.ru//products/televizor-samsung-ue55nu7670u-10018598
Телевизор LG 50UK6300 |38990.00|Телевизоры|http://mvideo.ru//products/televizor-lg-50uk6300-10016838
Телевизор Samsung UE40NU7170U |33990.00|Телевизоры|http://mvideo.ru//products/televizor-samsung-ue40nu7170u-10018743
Телевизор Samsung UE65NU7170U |84990.00|Телевизоры|http://mvideo.ru//products/televizor-samsung-ue65nu7170u-10016681
Телевизор Samsung UE65NU7470U |99990.00|Телевизоры|http://mvideo.ru//products/televizor-samsung-ue65nu7470u-10016683
Телевизор LG 55SK8100PLA |74990.00|Телевизоры|http://mvideo.ru//products/televizor-lg-55sk8100pla-10018627
Телевизор Samsung UE58NU7100U |51990.00|Телевизоры|http://mvideo.ru//products/televizor-samsung-ue58nu7100u-10019100
Телевизор Samsung UE49NU7670U |54990.00|Телевизоры|http://mvideo.ru//products/televizor-samsung-ue49nu7670u-10018761
Телевизор Sony KDL32WD603 |21990.00|Телевизоры|http://mvideo.ru//products/televizor-sony-kdl32wd603-10009965
Телевизор LG 55UK6300PLB |47990.00|Телевизоры|http://mvideo.ru//products/televizor-lg-55uk6300plb-10018697
Телевизор Samsung UE43N5510AU |29490.00|Телевизоры|http://mvideo.ru//products/televizor-samsung-ue43n5510au-10018931
Телевизор LG 49UK6390 |39990.00|Телевизоры|http://mvideo.ru//products/televizor-lg-49uk6390-10016653
Телевизор Samsung UE32M5550AU |25990.00|Телевизоры|http://mvideo.ru//products/televizor-samsung-ue32m5550au-10012392
Телевизор LG 43UK6450 |35990.00|Телевизоры|http://mvideo.ru//products/televizor-lg-43uk6450-10016835
Телевизор Haier LE32K5500T |14990.00|Телевизоры|http://mvideo.ru//products/televizor-haier-le32k5500t-10018829
Телевизор Samsung UE43NU7470U |41990.00|Телевизоры|http://mvideo.ru//products/televizor-samsung-ue43nu7470u-10018762
Телевизор Samsung UE32N5300AU |19990.00|Телевизоры|http://mvideo.ru//products/televizor-samsung-ue32n5300au-10018820
Телевизор Harper 24R575T |8990.00|Телевизоры|http://mvideo.ru//products/televizor-harper-24r575t-10013304
Телевизор LG 43UK6200PLA |28990.00|Телевизоры|http://mvideo.ru//products/televizor-lg-43uk6200pla-10019131
Телевизор LG 32LK500BPLA |14990.00|Телевизоры|http://mvideo.ru//products/televizor-lg-32lk500bpla-10018696
Телевизор Samsung UE49NU7100U |37990.00|Телевизоры|http://mvideo.ru//products/televizor-samsung-ue49nu7100u-10018149
Телевизор Samsung UE49NU7300U |39990.00|Телевизоры|http://mvideo.ru//products/televizor-samsung-ue49nu7300u-10018594
Телевизор LG 55UK6200PLA |39990.00|Телевизоры|http://mvideo.ru//products/televizor-lg-55uk6200pla-10019002
Телевизор Supra STV-LC40LT0020F |15190.00|Телевизоры|http://mvideo.ru//products/televizor-supra-stv-lc40lt0020f-10021027
Телевизор Samsung UE50NU7470U |49990.00|Телевизоры|http://mvideo.ru//products/televizor-samsung-ue50nu7470u-10018760
Телевизор Samsung UE49NU7500U |46190.00|Телевизоры|http://mvideo.ru//products/televizor-samsung-ue49nu7500u-10018595
Телевизор LG 43LK5910 |27990.00|Телевизоры|http://mvideo.ru//products/televizor-lg-43lk5910-10016631
Телевизор Samsung UE55NU7470U |59990.00|Телевизоры|http://mvideo.ru//products/televizor-samsung-ue55nu7470u-10018597
Телевизор Samsung UE55NU7300U |46490.00|Телевизоры|http://mvideo.ru//products/televizor-samsung-ue55nu7300u-10018432
Телевизор Samsung UE55NU7500U |55490.00|Телевизоры|http://mvideo.ru//products/televizor-samsung-ue55nu7500u-10018553
Телевизор Samsung UE32N4500AU |18990.00|Телевизоры|http://mvideo.ru//products/televizor-samsung-ue32n4500au-10018929
Телевизор Samsung UE32N4000AU |15990.00|Телевизоры|http://mvideo.ru//products/televizor-samsung-ue32n4000au-10018818
Телевизор LG 49UK6450 |42990.00|Телевизоры|http://mvideo.ru//products/televizor-lg-49uk6450-10016634
Телевизор Sony KDL-43RF453 |28990.00|Телевизоры|http://mvideo.ru//products/televizor-sony-kdl-43rf453-10018784
Телевизор LG 43UK6750 |39990.00|Телевизоры|http://mvideo.ru//products/televizor-lg-43uk6750-10016632
Телевизор Samsung UE43N5500AU |29990.00|Телевизоры|http://mvideo.ru//products/televizor-samsung-ue43n5500au-10018883
Телевизор Samsung UE43N5000AU |24990.00|Телевизоры|http://mvideo.ru//products/televizor-samsung-ue43n5000au-10018821
Телевизор Samsung UE24H4070AU |13490.00|Телевизоры|http://mvideo.ru//products/televizor-samsung-ue24h4070au-10006755
Телевизор Sony KDL-32RE303 |19990.00|Телевизоры|http://mvideo.ru//products/televizor-sony-kdl-32re303-10012676
Телевизор Samsung UE40NU7100U |31990.00|Телевизоры|http://mvideo.ru//products/televizor-samsung-ue40nu7100u-10018742
Телевизор LG 55UK6750 |57990.00|Телевизоры|http://mvideo.ru//products/televizor-lg-55uk6750-10016637
Телевизор LG 43LJ510V |21990.00|Телевизоры|http://mvideo.ru//products/televizor-lg-43lj510v-10011838
Телевизор Samsung QE55Q7F (2018) |109990.00|Телевизоры|http://mvideo.ru//products/televizor-samsung-qe55q7f-2018-10016686
Телевизор Samsung QE49Q6FNAU |73990.00|Телевизоры|http://mvideo.ru//products/televizor-samsung-qe49q6fnau-10018740
Телевизор LG 28LK480U-PZ |18190.00|Телевизоры|http://mvideo.ru//products/televizor-lg-28lk480u-pz-10021020
Телевизор LG 32LJ500V |16990.00|Телевизоры|http://mvideo.ru//products/televizor-lg-32lj500v-10012665
Телевизор Samsung UE43N5570AU |29990.00|Телевизоры|http://mvideo.ru//products/televizor-samsung-ue43n5570au-10018882
LED-4K UHD телевизор 51 - 55&#034; Samsung QE55Q6FNAU |89990.00|Телевизоры|http://mvideo.ru//products/led-4k-uhd-televizor-51-55-samsung-qe55q6fnau-10018741
Телевизор LG 43UK6300 |32990.00|Телевизоры|http://mvideo.ru//products/televizor-lg-43uk6300-10018523
Телевизор Samsung UE55NU7100U |46990.00|Телевизоры|http://mvideo.ru//products/televizor-samsung-ue55nu7100u-10018341
Телевизор Haier LE43K6000SF |21990.00|Телевизоры|http://mvideo.ru//products/televizor-haier-le43k6000sf-10018843
Телевизор LG 24LJ480U-PZ |16990.00|Телевизоры|http://mvideo.ru//products/televizor-lg-24lj480u-pz-10016309
Телевизор Samsung UE24H4080AU |13490.00|Телевизоры|http://mvideo.ru//products/televizor-samsung-ue24h4080au-10006954
Телевизор Samsung UE43J5272AU |27990.00|Телевизоры|http://mvideo.ru//products/televizor-samsung-ue43j5272au-10018926
Телевизор Harper 32R575T |10490.00|Телевизоры|http://mvideo.ru//products/televizor-harper-32r575t-10013306
Телевизор LG 65UK6450 |74990.00|Телевизоры|http://mvideo.ru//products/televizor-lg-65uk6450-10018504
Телевизор Samsung UE50NU7400U |46390.00|Телевизоры|http://mvideo.ru//products/televizor-samsung-ue50nu7400u-10018596
Телевизор Sony KDL40WD653 |32990.00|Телевизоры|http://mvideo.ru//products/televizor-sony-kdl40wd653-10009964
Телевизор Samsung UE43NU7100U |35990.00|Телевизоры|http://mvideo.ru//products/televizor-samsung-ue43nu7100u-10018480
Телевизор LG 43LK6200PLD |29990.00|Телевизоры|http://mvideo.ru//products/televizor-lg-43lk6200pld-10016651
Телевизор Samsung UE49N5500AU |34990.00|Телевизоры|http://mvideo.ru//products/televizor-samsung-ue49n5500au-10018881
Телевизор Samsung UE55MU6670U |54990.00|Телевизоры|http://mvideo.ru//products/televizor-samsung-ue55mu6670u-10012400
Телевизор Samsung UE49NU7170U |41990.00|Телевизоры|http://mvideo.ru//products/televizor-samsung-ue49nu7170u-10018340
Телевизор Samsung UE55M6550AU |41990.00|Телевизоры|http://mvideo.ru//products/televizor-samsung-ue55m6550au-10012719
Телевизор LG 22LH450V-PZ |13490.00|Телевизоры|http://mvideo.ru//products/televizor-lg-22lh450v-pz-10015117
Телевизор Sony KDL48WD653 |38990.00|Телевизоры|http://mvideo.ru//products/televizor-sony-kdl48wd653-10009851
Телевизор Harper 16R575 |5490.00|Телевизоры|http://mvideo.ru//products/televizor-harper-16r575-10013301
Телевизор Sharp LC-24CHF4012E |11990.00|Телевизоры|http://mvideo.ru//products/televizor-sharp-lc-24chf4012e-10018378
Телевизор LG 28LK451V-PZ |15190.00|Телевизоры|http://mvideo.ru//products/televizor-lg-28lk451v-pz-10021021
Телевизор LG 49LK5910 |31290.00|Телевизоры|http://mvideo.ru//products/televizor-lg-49lk5910-10018524
Телевизор Samsung UE32N4510AU |20990.00|Телевизоры|http://mvideo.ru//products/televizor-samsung-ue32n4510au-10018930
Телевизор Haier LE32K6000S |12990.00|Телевизоры|http://mvideo.ru//products/televizor-haier-le32k6000s-10018841
Телевизор LG 32LK540BPLA |18990.00|Телевизоры|http://mvideo.ru//products/televizor-lg-32lk540bpla-10018933
Телевизор LG 24LK451V-PZ |13190.00|Телевизоры|http://mvideo.ru//products/televizor-lg-24lk451v-pz-10020719
Телевизор LG 43LJ515V |24190.00|Телевизоры|http://mvideo.ru//products/televizor-lg-43lj515v-10012164
Телевизор Prestigio Space 24 Black (PTV24DN02Z_BK_CIS) |9490.00|Телевизоры|http://mvideo.ru//products/televizor-prestigio-space-24-black-ptv24dn02z-bk-cis-10019134
Телевизор LG 49SK8100 |61990.00|Телевизоры|http://mvideo.ru//products/televizor-lg-49sk8100-10016837
Телевизор Samsung UE32N4010AU |16990.00|Телевизоры|http://mvideo.ru//products/televizor-samsung-ue32n4010au-10018879
Телевизор Sony KDL-43WF665 |38690.00|Телевизоры|http://mvideo.ru//products/televizor-sony-kdl-43wf665-10018494
Телевизор LG 43LK5990 |28990.00|Телевизоры|http://mvideo.ru//products/televizor-lg-43lk5990-10018522
Телевизор LG 32LK615B |20990.00|Телевизоры|http://mvideo.ru//products/televizor-lg-32lk615b-10018436
Телевизор Samsung UE65NU7300U |79990.00|Телевизоры|http://mvideo.ru//products/televizor-samsung-ue65nu7300u-10016682
Телевизор Samsung UE43NU7170U |37990.00|Телевизоры|http://mvideo.ru//products/televizor-samsung-ue43nu7170u-10018481
Телевизор LG 49UK6300 |38990.00|Телевизоры|http://mvideo.ru//products/televizor-lg-49uk6300-10016633
Телевизор LG 49UK6200PLA |36990.00|Телевизоры|http://mvideo.ru//products/televizor-lg-49uk6200pla-10019132
Телевизор LG 43UK6390 |33990.00|Телевизоры|http://mvideo.ru//products/televizor-lg-43uk6390-10016836
Телевизор Samsung UE49N5510AU |37990.00|Телевизоры|http://mvideo.ru//products/televizor-samsung-ue49n5510au-10018932
Телевизор Samsung UE49N5570AU |37990.00|Телевизоры|http://mvideo.ru//products/televizor-samsung-ue49n5570au-10018880
Телевизор LG 32LK6190 |25990.00|Телевизоры|http://mvideo.ru//products/televizor-lg-32lk6190-10016585
Телевизор LG 55UK6450 |49390.00|Телевизоры|http://mvideo.ru//products/televizor-lg-55uk6450-10016839
Телевизор Samsung UE32N5000AU |18990.00|Телевизоры|http://mvideo.ru//products/televizor-samsung-ue32n5000au-10018819
Телевизор Sharp LC-32CНG6352E |16990.00|Телевизоры|http://mvideo.ru//products/televizor-sharp-lc-32cng6352e-10012172
Телевизор Prestigio Space 32 White (PTV32DN02Z_WH_CIS) |12990.00|Телевизоры|http://mvideo.ru//products/televizor-prestigio-space-32-white-ptv32dn02z-wh-cis-10019138
Телевизор Haier LE43K6500TF |24990.00|Телевизоры|http://mvideo.ru//products/televizor-haier-le43k6500tf-10018848
Телевизор LG 43UJ750V |49990.00|Телевизоры|http://mvideo.ru//products/televizor-lg-43uj750v-10011851
Телевизор Samsung UE65NU7670U |109990.00|Телевизоры|http://mvideo.ru//products/televizor-samsung-ue65nu7670u-10018343
Телевизор Harper 40F575T |16990.00|Телевизоры|http://mvideo.ru//products/televizor-harper-40f575t-10016646
Телевизор LG 65UK6300PLB |69990.00|Телевизоры|http://mvideo.ru//products/televizor-lg-65uk6300plb-10019001
Телевизор Supra STV-LC40LT0010F |15490.00|Телевизоры|http://mvideo.ru//products/televizor-supra-stv-lc40lt0010f-10021026
Телевизор Sony KDL40RE353 |29990.00|Телевизоры|http://mvideo.ru//products/televizor-sony-kdl40re353-10012276
Телевизор Panasonic TX-32ESR500 |19990.00|Телевизоры|http://mvideo.ru//products/televizor-panasonic-tx-32esr500-10012714
Телевизор Daewoo U43V870VKE |27990.00|Телевизоры|http://mvideo.ru//products/televizor-daewoo-u43v870vke-10018356
Телевизор Harper 20R575T |7990.00|Телевизоры|http://mvideo.ru//products/televizor-harper-20r575t-10013303
Телевизор LG 32LJ510U |15990.00|Телевизоры|http://mvideo.ru//products/televizor-lg-32lj510u-10011840
Телевизор Sharp LC-24CHF4012EW |12490.00|Телевизоры|http://mvideo.ru//products/televizor-sharp-lc-24chf4012ew-10018379
Телевизор Panasonic TX-32FSR400 |18990.00|Телевизоры|http://mvideo.ru//products/televizor-panasonic-tx-32fsr400-10020487
Телевизор Samsung UE49NU8000U |64990.00|Телевизоры|http://mvideo.ru//products/televizor-samsung-ue49nu8000u-10016645
Телевизор LG 49UK7550 |52990.00|Телевизоры|http://mvideo.ru//products/televizor-lg-49uk7550-10016635
Телевизор Sony KD-55XF9005 |124990.00|Телевизоры|http://mvideo.ru//products/televizor-sony-kd-55xf9005-10016596
Телевизор Samsung UE65NU8000U |129990.00|Телевизоры|http://mvideo.ru//products/televizor-samsung-ue65nu8000u-10016643
Телевизор Sharp LC-32HG3242E |16990.00|Телевизоры|http://mvideo.ru//products/televizor-sharp-lc-32hg3242e-10018380
Телевизор Sony KDL-32RE403 |22990.00|Телевизоры|http://mvideo.ru//products/televizor-sony-kdl-32re403-10016642
Телевизор Sony KDL-49WF804 |48990.00|Телевизоры|http://mvideo.ru//products/televizor-sony-kdl-49wf804-10018510
Телевизор Sony KD-55XF7096 |69990.00|Телевизоры|http://mvideo.ru//products/televizor-sony-kd-55xf7096-10018801
Телевизор Samsung UE55NU8500U |89990.00|Телевизоры|http://mvideo.ru//products/televizor-samsung-ue55nu8500u-10016680
Телевизор LG OLED55B8SLB |99990.00|Телевизоры|http://mvideo.ru//products/televizor-lg-oled55b8slb-10019010
Телевизор Panasonic TX-43FR250 |21990.00|Телевизоры|http://mvideo.ru//products/televizor-panasonic-tx-43fr250-10018834
Телевизор LG 65UK7550 |84990.00|Телевизоры|http://mvideo.ru//products/televizor-lg-65uk7550-10016862
Телевизор Sharp LC-65CUG8052E |54990.00|Телевизоры|http://mvideo.ru//products/televizor-sharp-lc-65cug8052e-10012186
Телевизор Sony KDL32WD752 |30990.00|Телевизоры|http://mvideo.ru//products/televizor-sony-kdl32wd752-10010115
Телевизор Samsung UE55NU7670U |64990.00|Телевизоры|http://mvideo.ru//products/televizor-samsung-ue55nu7670u-10018598
Телевизор LG 50UK6300 |38990.00|Телевизоры|http://mvideo.ru//products/televizor-lg-50uk6300-10016838
Телевизор Samsung UE40NU7170U |33990.00|Телевизоры|http://mvideo.ru//products/televizor-samsung-ue40nu7170u-10018743
Телевизор Samsung UE65NU7170U |84990.00|Телевизоры|http://mvideo.ru//products/televizor-samsung-ue65nu7170u-10016681
Телевизор Samsung UE65NU7470U |99990.00|Телевизоры|http://mvideo.ru//products/televizor-samsung-ue65nu7470u-10016683
Телевизор LG 55SK8100PLA |74990.00|Телевизоры|http://mvideo.ru//products/televizor-lg-55sk8100pla-10018627
Телевизор Samsung UE58NU7100U |51990.00|Телевизоры|http://mvideo.ru//products/televizor-samsung-ue58nu7100u-10019100
Телевизор Samsung UE49NU7670U |54990.00|Телевизоры|http://mvideo.ru//products/televizor-samsung-ue49nu7670u-10018761
Телевизор Sony KDL32WD603 |21990.00|Телевизоры|http://mvideo.ru//products/televizor-sony-kdl32wd603-10009965
Телевизор LG 55UK6300PLB |47990.00|Телевизоры|http://mvideo.ru//products/televizor-lg-55uk6300plb-10018697
Телевизор Samsung UE43N5510AU |29490.00|Телевизоры|http://mvideo.ru//products/televizor-samsung-ue43n5510au-10018931
Телевизор LG 49UK6390 |39990.00|Телевизоры|http://mvideo.ru//products/televizor-lg-49uk6390-10016653
Телевизор Samsung UE32M5550AU |25990.00|Телевизоры|http://mvideo.ru//products/televizor-samsung-ue32m5550au-10012392
Телевизор LG 43UK6450 |35990.00|Телевизоры|http://mvideo.ru//products/televizor-lg-43uk6450-10016835
Телевизор Haier LE32K5500T |14990.00|Телевизоры|http://mvideo.ru//products/televizor-haier-le32k5500t-10018829
Телевизор Samsung UE43NU7470U |41990.00|Телевизоры|http://mvideo.ru//products/televizor-samsung-ue43nu7470u-10018762
Телевизор Samsung UE32N5300AU |19990.00|Телевизоры|http://mvideo.ru//products/televizor-samsung-ue32n5300au-10018820
Телевизор Harper 24R575T |8990.00|Телевизоры|http://mvideo.ru//products/televizor-harper-24r575t-10013304
Телевизор LG 43UK6200PLA |28990.00|Телевизоры|http://mvideo.ru//products/televizor-lg-43uk6200pla-10019131
Телевизор LG 32LK500BPLA |14990.00|Телевизоры|http://mvideo.ru//products/televizor-lg-32lk500bpla-10018696
Телевизор Samsung UE49NU7100U |37990.00|Телевизоры|http://mvideo.ru//products/televizor-samsung-ue49nu7100u-10018149
Телевизор Samsung UE49NU7300U |39990.00|Телевизоры|http://mvideo.ru//products/televizor-samsung-ue49nu7300u-10018594
Телевизор LG 55UK6200PLA |39990.00|Телевизоры|http://mvideo.ru//products/televizor-lg-55uk6200pla-10019002
Телевизор Supra STV-LC40LT0020F |15190.00|Телевизоры|http://mvideo.ru//products/televizor-supra-stv-lc40lt0020f-10021027
Телевизор Samsung UE50NU7470U |49990.00|Телевизоры|http://mvideo.ru//products/televizor-samsung-ue50nu7470u-10018760
Телевизор Samsung UE49NU7500U |46190.00|Телевизоры|http://mvideo.ru//products/televizor-samsung-ue49nu7500u-10018595
Телевизор LG 43LK5910 |27990.00|Телевизоры|http://mvideo.ru//products/televizor-lg-43lk5910-10016631
Телевизор Samsung UE55NU7470U |59990.00|Телевизоры|http://mvideo.ru//products/televizor-samsung-ue55nu7470u-10018597
Телевизор Samsung UE55NU7300U |46490.00|Телевизоры|http://mvideo.ru//products/televizor-samsung-ue55nu7300u-10018432
Телевизор Samsung UE55NU7500U |55490.00|Телевизоры|http://mvideo.ru//products/televizor-samsung-ue55nu7500u-10018553
Телевизор Samsung UE32N4500AU |18990.00|Телевизоры|http://mvideo.ru//products/televizor-samsung-ue32n4500au-10018929
Телевизор Samsung UE32N4000AU |15990.00|Телевизоры|http://mvideo.ru//products/televizor-samsung-ue32n4000au-10018818
Телевизор LG 49UK6450 |42990.00|Телевизоры|http://mvideo.ru//products/televizor-lg-49uk6450-10016634
Телевизор Sony KDL-43RF453 |28990.00|Телевизоры|http://mvideo.ru//products/televizor-sony-kdl-43rf453-10018784
Телевизор LG 43UK6750 |39990.00|Телевизоры|http://mvideo.ru//products/televizor-lg-43uk6750-10016632
Телевизор Samsung UE43N5500AU |29990.00|Телевизоры|http://mvideo.ru//products/televizor-samsung-ue43n5500au-10018883
Телевизор Samsung UE43N5000AU |24990.00|Телевизоры|http://mvideo.ru//products/televizor-samsung-ue43n5000au-10018821
Телевизор Samsung UE24H4070AU |13490.00|Телевизоры|http://mvideo.ru//products/televizor-samsung-ue24h4070au-10006755
Телевизор Sony KDL-32RE303 |19990.00|Телевизоры|http://mvideo.ru//products/televizor-sony-kdl-32re303-10012676
Телевизор Samsung UE40NU7100U |31990.00|Телевизоры|http://mvideo.ru//products/televizor-samsung-ue40nu7100u-10018742
Телевизор LG 55UK6750 |57990.00|Телевизоры|http://mvideo.ru//products/televizor-lg-55uk6750-10016637
Телевизор LG 43LJ510V |21990.00|Телевизоры|http://mvideo.ru//products/televizor-lg-43lj510v-10011838
Телевизор Samsung QE55Q7F (2018) |109990.00|Телевизоры|http://mvideo.ru//products/televizor-samsung-qe55q7f-2018-10016686
Телевизор Samsung QE49Q6FNAU |73990.00|Телевизоры|http://mvideo.ru//products/televizor-samsung-qe49q6fnau-10018740
Телевизор LG 28LK480U-PZ |18190.00|Телевизоры|http://mvideo.ru//products/televizor-lg-28lk480u-pz-10021020
Телевизор LG 32LJ500V |16990.00|Телевизоры|http://mvideo.ru//products/televizor-lg-32lj500v-10012665
Телевизор Samsung UE43N5570AU |29990.00|Телевизоры|http://mvideo.ru//products/televizor-samsung-ue43n5570au-10018882
LED-4K UHD телевизор 51 - 55&#034; Samsung QE55Q6FNAU |89990.00|Телевизоры|http://mvideo.ru//products/led-4k-uhd-televizor-51-55-samsung-qe55q6fnau-10018741
Телевизор LG 43UK6300 |32990.00|Телевизоры|http://mvideo.ru//products/televizor-lg-43uk6300-10018523
Телевизор Samsung UE55NU7100U |46990.00|Телевизоры|http://mvideo.ru//products/televizor-samsung-ue55nu7100u-10018341
Телевизор Haier LE43K6000SF |21990.00|Телевизоры|http://mvideo.ru//products/televizor-haier-le43k6000sf-10018843
Телевизор LG 24LJ480U-PZ |16990.00|Телевизоры|http://mvideo.ru//products/televizor-lg-24lj480u-pz-10016309
Телевизор Samsung UE24H4080AU |13490.00|Телевизоры|http://mvideo.ru//products/televizor-samsung-ue24h4080au-10006954
Телевизор Samsung UE43J5272AU |27990.00|Телевизоры|http://mvideo.ru//products/televizor-samsung-ue43j5272au-10018926
Телевизор Harper 32R575T |10490.00|Телевизоры|http://mvideo.ru//products/televizor-harper-32r575t-10013306
Телевизор LG 65UK6450 |74990.00|Телевизоры|http://mvideo.ru//products/televizor-lg-65uk6450-10018504
Телевизор Samsung UE50NU7400U |46390.00|Телевизоры|http://mvideo.ru//products/televizor-samsung-ue50nu7400u-10018596
Телевизор Sony KDL40WD653 |32990.00|Телевизоры|http://mvideo.ru//products/televizor-sony-kdl40wd653-10009964
Телевизор Samsung UE43NU7100U |35990.00|Телевизоры|http://mvideo.ru//products/televizor-samsung-ue43nu7100u-10018480
Телевизор LG 43LK6200PLD |29990.00|Телевизоры|http://mvideo.ru//products/televizor-lg-43lk6200pld-10016651
Телевизор Samsung UE49N5500AU |34990.00|Телевизоры|http://mvideo.ru//products/televizor-samsung-ue49n5500au-10018881
Телевизор Samsung UE55MU6670U |54990.00|Телевизоры|http://mvideo.ru//products/televizor-samsung-ue55mu6670u-10012400
Телевизор Samsung UE49NU7170U |41990.00|Телевизоры|http://mvideo.ru//products/televizor-samsung-ue49nu7170u-10018340
Телевизор Samsung UE55M6550AU |41990.00|Телевизоры|http://mvideo.ru//products/televizor-samsung-ue55m6550au-10012719
Телевизор LG 22LH450V-PZ |13490.00|Телевизоры|http://mvideo.ru//products/televizor-lg-22lh450v-pz-10015117
Телевизор Sony KDL48WD653 |38990.00|Телевизоры|http://mvideo.ru//products/televizor-sony-kdl48wd653-10009851
Телевизор Harper 16R575 |5490.00|Телевизоры|http://mvideo.ru//products/televizor-harper-16r575-10013301
Телевизор Sharp LC-24CHF4012E |11990.00|Телевизоры|http://mvideo.ru//products/televizor-sharp-lc-24chf4012e-10018378
Телевизор LG 28LK451V-PZ |15190.00|Телевизоры|http://mvideo.ru//products/televizor-lg-28lk451v-pz-10021021
Телевизор LG 49LK5910 |31290.00|Телевизоры|http://mvideo.ru//products/televizor-lg-49lk5910-10018524
Телевизор Samsung UE32N4510AU |20990.00|Телевизоры|http://mvideo.ru//products/televizor-samsung-ue32n4510au-10018930
Телевизор Haier LE32K6000S |12990.00|Телевизоры|http://mvideo.ru//products/televizor-haier-le32k6000s-10018841
Телевизор LG 32LK540BPLA |18990.00|Телевизоры|http://mvideo.ru//products/televizor-lg-32lk540bpla-10018933
Телевизор LG 24LK451V-PZ |13190.00|Телевизоры|http://mvideo.ru//products/televizor-lg-24lk451v-pz-10020719
Телевизор LG 43LJ515V |24190.00|Телевизоры|http://mvideo.ru//products/televizor-lg-43lj515v-10012164
Телевизор Prestigio Space 24 Black (PTV24DN02Z_BK_CIS) |9490.00|Телевизоры|http://mvideo.ru//products/televizor-prestigio-space-24-black-ptv24dn02z-bk-cis-10019134
Телевизор LG 49SK8100 |61990.00|Телевизоры|http://mvideo.ru//products/televizor-lg-49sk8100-10016837
Телевизор Samsung UE32N4010AU |16990.00|Телевизоры|http://mvideo.ru//products/televizor-samsung-ue32n4010au-10018879
Телевизор Sony KDL-43WF665 |38690.00|Телевизоры|http://mvideo.ru//products/televizor-sony-kdl-43wf665-10018494
Телевизор LG 43LK5990 |28990.00|Телевизоры|http://mvideo.ru//products/televizor-lg-43lk5990-10018522
Телевизор LG 32LK615B |20990.00|Телевизоры|http://mvideo.ru//products/televizor-lg-32lk615b-10018436
Телевизор Samsung UE65NU7300U |79990.00|Телевизоры|http://mvideo.ru//products/televizor-samsung-ue65nu7300u-10016682
Телевизор Samsung UE43NU7170U |37990.00|Телевизоры|http://mvideo.ru//products/televizor-samsung-ue43nu7170u-10018481
Телевизор LG 49UK6300 |38990.00|Телевизоры|http://mvideo.ru//products/televizor-lg-49uk6300-10016633
Телевизор LG 49UK6200PLA |36990.00|Телевизоры|http://mvideo.ru//products/televizor-lg-49uk6200pla-10019132
Телевизор LG 43UK6390 |33990.00|Телевизоры|http://mvideo.ru//products/televizor-lg-43uk6390-10016836
Телевизор Samsung UE49N5510AU |37990.00|Телевизоры|http://mvideo.ru//products/televizor-samsung-ue49n5510au-10018932
Телевизор Samsung UE49N5570AU |37990.00|Телевизоры|http://mvideo.ru//products/televizor-samsung-ue49n5570au-10018880
Телевизор LG 32LK6190 |25990.00|Телевизоры|http://mvideo.ru//products/televizor-lg-32lk6190-10016585
Телевизор LG 55UK6450 |49390.00|Телевизоры|http://mvideo.ru//products/televizor-lg-55uk6450-10016839
Телевизор Samsung UE32N5000AU |18990.00|Телевизоры|http://mvideo.ru//products/televizor-samsung-ue32n5000au-10018819
Телевизор Sharp LC-32CНG6352E |16990.00|Телевизоры|http://mvideo.ru//products/televizor-sharp-lc-32cng6352e-10012172
Телевизор Prestigio Space 32 White (PTV32DN02Z_WH_CIS) |12990.00|Телевизоры|http://mvideo.ru//products/televizor-prestigio-space-32-white-ptv32dn02z-wh-cis-10019138
Телевизор Haier LE43K6500TF |24990.00|Телевизоры|http://mvideo.ru//products/televizor-haier-le43k6500tf-10018848
Телевизор LG 43UJ750V |49990.00|Телевизоры|http://mvideo.ru//products/televizor-lg-43uj750v-10011851
Телевизор Samsung UE65NU7670U |109990.00|Телевизоры|http://mvideo.ru//products/televizor-samsung-ue65nu7670u-10018343
Телевизор Harper 40F575T |16990.00|Телевизоры|http://mvideo.ru//products/televizor-harper-40f575t-10016646
Телевизор LG 65UK6300PLB |69990.00|Телевизоры|http://mvideo.ru//products/televizor-lg-65uk6300plb-10019001
Телевизор Supra STV-LC40LT0010F |15490.00|Телевизоры|http://mvideo.ru//products/televizor-supra-stv-lc40lt0010f-10021026
Телевизор Sony KDL40RE353 |29990.00|Телевизоры|http://mvideo.ru//products/televizor-sony-kdl40re353-10012276
Телевизор Panasonic TX-32ESR500 |19990.00|Телевизоры|http://mvideo.ru//products/televizor-panasonic-tx-32esr500-10012714
Телевизор Daewoo U43V870VKE |27990.00|Телевизоры|http://mvideo.ru//products/televizor-daewoo-u43v870vke-10018356
Телевизор Harper 20R575T |7990.00|Телевизоры|http://mvideo.ru//products/televizor-harper-20r575t-10013303
Телевизор LG 32LJ510U |15990.00|Телевизоры|http://mvideo.ru//products/televizor-lg-32lj510u-10011840
Телевизор Sharp LC-24CHF4012EW |12490.00|Телевизоры|http://mvideo.ru//products/televizor-sharp-lc-24chf4012ew-10018379
Телевизор Panasonic TX-32FSR400 |18990.00|Телевизоры|http://mvideo.ru//products/televizor-panasonic-tx-32fsr400-10020487
Телевизор Samsung UE49NU8000U |64990.00|Телевизоры|http://mvideo.ru//products/televizor-samsung-ue49nu8000u-10016645
Телевизор LG 49UK7550 |52990.00|Телевизоры|http://mvideo.ru//products/televizor-lg-49uk7550-10016635
Телевизор Sony KD-55XF9005 |124990.00|Телевизоры|http://mvideo.ru//products/televizor-sony-kd-55xf9005-10016596
Телевизор Samsung UE65NU8000U |129990.00|Телевизоры|http://mvideo.ru//products/televizor-samsung-ue65nu8000u-10016643
Телевизор Sharp LC-32HG3242E |16990.00|Телевизоры|http://mvideo.ru//products/televizor-sharp-lc-32hg3242e-10018380
Телевизор Sony KDL-32RE403 |22990.00|Телевизоры|http://mvideo.ru//products/televizor-sony-kdl-32re403-10016642
Телевизор Sony KDL-49WF804 |48990.00|Телевизоры|http://mvideo.ru//products/televizor-sony-kdl-49wf804-10018510
Телевизор Sony KD-55XF7096 |69990.00|Телевизоры|http://mvideo.ru//products/televizor-sony-kd-55xf7096-10018801
Телевизор Samsung UE55NU8500U |89990.00|Телевизоры|http://mvideo.ru//products/televizor-samsung-ue55nu8500u-10016680
Телевизор LG OLED55B8SLB |99990.00|Телевизоры|http://mvideo.ru//products/televizor-lg-oled55b8slb-10019010
Телевизор Panasonic TX-43FR250 |21990.00|Телевизоры|http://mvideo.ru//products/televizor-panasonic-tx-43fr250-10018834
Телевизор LG 65UK7550 |84990.00|Телевизоры|http://mvideo.ru//products/televizor-lg-65uk7550-10016862
Телевизор Sharp LC-65CUG8052E |54990.00|Телевизоры|http://mvideo.ru//products/televizor-sharp-lc-65cug8052e-10012186
Телевизор Sony KDL32WD752 |30990.00|Телевизоры|http://mvideo.ru//products/televizor-sony-kdl32wd752-10010115
Телевизор LG 43LJ594V |25990.00|Телевизоры|http://mvideo.ru//products/televizor-lg-43lj594v-10012590
Телевизор Samsung UE65MU6670U |79990.00|Телевизоры|http://mvideo.ru//products/televizor-samsung-ue65mu6670u-10012484
Телевизор LG OLED55B8PLA |119990.00|Телевизоры|http://mvideo.ru//products/televizor-lg-oled55b8pla-10018698
Телевизор Prestigio Space 24 White (PTV24DN02Z_WH_CIS) |9990.00|Телевизоры|http://mvideo.ru//products/televizor-prestigio-space-24-white-ptv24dn02z-wh-cis-10019136
Телевизор Sony KD-43XF8096 |63590.00|Телевизоры|http://mvideo.ru//products/televizor-sony-kd-43xf8096-10016899
Телевизор Sony KDL32WE613 |25990.00|Телевизоры|http://mvideo.ru//products/televizor-sony-kdl32we613-10012516
Телевизор LG 43LK6100 |29390.00|Телевизоры|http://mvideo.ru//products/televizor-lg-43lk6100-10018502
Телевизор Sony KDL-43WF805 |46990.00|Телевизоры|http://mvideo.ru//products/televizor-sony-kdl-43wf805-10018370
Телевизор LG OLED65B8SLB |169990.00|Телевизоры|http://mvideo.ru//products/televizor-lg-oled65b8slb-10019011
Телевизор Panasonic TX-24FR250 |12990.00|Телевизоры|http://mvideo.ru//products/televizor-panasonic-tx-24fr250-10020486
Телевизор Samsung QE65Q8C (2018) |199990.00|Телевизоры|http://mvideo.ru//products/televizor-samsung-qe65q8c-2018-10016676
Телевизор Harper 28R6753T Silver |11490.00|Телевизоры|http://mvideo.ru//products/televizor-harper-28r6753t-silver-10019973
LED-4K UHD телевизор 66&#034;+ Samsung UE75NU8000U |179990.00|Телевизоры|http://mvideo.ru//products/led-4k-uhd-televizor-66-samsung-ue75nu8000u-10016675
Телевизор Sony KD-49XF7005 |49990.00|Телевизоры|http://mvideo.ru//products/televizor-sony-kd-49xf7005-10018787
Телевизор Harper 43F575T |18990.00|Телевизоры|http://mvideo.ru//products/televizor-harper-43f575t-10013308
Телевизор LG 49SK7900 |44990.00|Телевизоры|http://mvideo.ru//products/televizor-lg-49sk7900-10014078
Телевизор LG 50UK6750 |47990.00|Телевизоры|http://mvideo.ru//products/televizor-lg-50uk6750-10016636
Телевизор LG 55UK7550 |67990.00|Телевизоры|http://mvideo.ru//products/televizor-lg-55uk7550-10016654
LED-4K UHD телевизор 66&#034;+ LG 70UK6710 |99990.00|Телевизоры|http://mvideo.ru//products/led-4k-uhd-televizor-66-lg-70uk6710-10018551
Телевизор Sony KD-49XF7596 |66190.00|Телевизоры|http://mvideo.ru//products/televizor-sony-kd-49xf7596-10018512
Телевизор Sony KD-55XF8096 |84990.00|Телевизоры|http://mvideo.ru//products/televizor-sony-kd-55xf8096-10016859
Телевизор Samsung QE65Q7F (2018) |209990.00|Телевизоры|http://mvideo.ru//products/televizor-samsung-qe65q7f-2018-10016688
Телевизор LG 65SK8100 |119990.00|Телевизоры|http://mvideo.ru//products/televizor-lg-65sk8100-10016860
Телевизор Daewoo L24S631VКE |10990.00|Телевизоры|http://mvideo.ru//products/televizor-daewoo-l24s631vke-50050052
Телевизор Sony KD-65XF7596 |122490.00|Телевизоры|http://mvideo.ru//products/televizor-sony-kd-65xf7596-10018514
Телевизор Sharp LC-40UG7252E |27990.00|Телевизоры|http://mvideo.ru//products/televizor-sharp-lc-40ug7252e-10018607
Телевизор Sony KDL-49WF805 |52990.00|Телевизоры|http://mvideo.ru//products/televizor-sony-kdl-49wf805-10018371
Телевизор Sony KD-43XF7096 |50990.00|Телевизоры|http://mvideo.ru//products/televizor-sony-kd-43xf7096-10018786
Телевизор Sony KD-49XF7096 |60990.00|Телевизоры|http://mvideo.ru//products/televizor-sony-kd-49xf7096-10018788
Телевизор Harper 28R6750T Black |10990.00|Телевизоры|http://mvideo.ru//products/televizor-harper-28r6750t-black-10019971
Телевизор Prestigio Space 32 Silver (PTV32DN02Z_SL_CIS) |12990.00|Телевизоры|http://mvideo.ru//products/televizor-prestigio-space-32-silver-ptv32dn02z-sl-cis-10019152
Телевизор Samsung QE65Q6FNAU |189990.00|Телевизоры|http://mvideo.ru//products/televizor-samsung-qe65q6fnau-10018599
Телевизор LG OLED65B8 |179990.00|Телевизоры|http://mvideo.ru//products/televizor-lg-oled65b8-10018505
Телевизор LG 32LJ600U |18990.00|Телевизоры|http://mvideo.ru//products/televizor-lg-32lj600u-10011798
Телевизор LG 55UJ620V |37990.00|Телевизоры|http://mvideo.ru//products/televizor-lg-55uj620v-10013093
Телевизор Panasonic TX-32ER250ZZ |13990.00|Телевизоры|http://mvideo.ru//products/televizor-panasonic-tx-32er250zz-10013185
Телевизор Panasonic TX-43FXR600 |35990.00|Телевизоры|http://mvideo.ru//products/televizor-panasonic-tx-43fxr600-10018832
Телевизор Samsung UE43NU7400U |41990.00|Телевизоры|http://mvideo.ru//products/televizor-samsung-ue43nu7400u-10018593
Телевизор LG 49UJ639V |33990.00|Телевизоры|http://mvideo.ru//products/televizor-lg-49uj639v-10012796
Телевизор Samsung UE55NU7400U |59990.00|Телевизоры|http://mvideo.ru//products/televizor-samsung-ue55nu7400u-10018552
Телевизор Daewoo L32V690VKE |13990.00|Телевизоры|http://mvideo.ru//products/televizor-daewoo-l32v690vke-10020532
Телевизор Samsung QLED QE49Q7FAMU |69990.00|Телевизоры|http://mvideo.ru//products/televizor-samsung-qled-qe49q7famu-10011678
Телевизор Prestigio PTV49DN02Y BK CIS |25990.00|Телевизоры|http://mvideo.ru//products/televizor-prestigio-ptv49dn02y-bk-cis-10020481
Телевизор Samsung UE49M5550AU |35990.00|Телевизоры|http://mvideo.ru//products/televizor-samsung-ue49m5550au-10012416
Телевизор LG OLED55B7V |69990.00|Телевизоры|http://mvideo.ru//products/televizor-lg-oled55b7v-10012157
Телевизор Sharp LC-32HG3142E |15990.00|Телевизоры|http://mvideo.ru//products/televizor-sharp-lc-32hg3142e-10013400
Телевизор Prestigio Space 32 Black (PTV32SN02Z_BK_CIS) |12490.00|Телевизоры|http://mvideo.ru//products/televizor-prestigio-space-32-black-ptv32sn02z-bk-cis-10019139
Телевизор LG 43UJ675V |31990.00|Телевизоры|http://mvideo.ru//products/televizor-lg-43uj675v-10012151
Телевизор Samsung UE55NU7170U |52990.00|Телевизоры|http://mvideo.ru//products/televizor-samsung-ue55nu7170u-10018342
Телевизор Sharp LC-48CFE4042E |29990.00|Телевизоры|http://mvideo.ru//products/televizor-sharp-lc-48cfe4042e-10018608
Телевизор Daewoo L24S630VKE |10490.00|Телевизоры|http://mvideo.ru//products/televizor-daewoo-l24s630vke-10011650
Телевизор Prestigio Space 43 Black (PTV43SN02Y_BK_CIS) |19990.00|Телевизоры|http://mvideo.ru//products/televizor-prestigio-space-43-black-ptv43sn02y-bk-cis-10019150
Телевизор Sony KD-55AF8 |199990.00|Телевизоры|http://mvideo.ru//products/televizor-sony-kd-55af8-10016786
Телевизор Prestigio PTV43DN01Y BK CIS |16490.00|Телевизоры|http://mvideo.ru//products/televizor-prestigio-ptv43dn01y-bk-cis-10019066
Телевизор Samsung UE75MU6100U |124990.00|Телевизоры|http://mvideo.ru//products/televizor-samsung-ue75mu6100u-10012485
Телевизор Sony KD-49XF7077 |58990.00|Телевизоры|http://mvideo.ru//products/televizor-sony-kd-49xf7077-10018645
Телевизор Sony KD-55XF7077 |69990.00|Телевизоры|http://mvideo.ru//products/televizor-sony-kd-55xf7077-10018800
Телевизор Sharp LC-40FG3142E |22990.00|Телевизоры|http://mvideo.ru//products/televizor-sharp-lc-40fg3142e-10013344
Телевизор Samsung UE49NU8070U |75990.00|Телевизоры|http://mvideo.ru//products/televizor-samsung-ue49nu8070u-10016678
Телевизор Sony KD43XE8077 |49990.00|Телевизоры|http://mvideo.ru//products/televizor-sony-kd43xe8077-10011708
Телевизор Sony KDL-50WF665 |46990.00|Телевизоры|http://mvideo.ru//products/televizor-sony-kdl-50wf665-10018146
Телевизор LG 32LK510 |16990.00|Телевизоры|http://mvideo.ru//products/televizor-lg-32lk510-10018529
Телевизор Samsung QE55Q8C (2018) |139990.00|Телевизоры|http://mvideo.ru//products/televizor-samsung-qe55q8c-2018-10016687
LED-4K UHD телевизор 51 - 55&#034; Sony KD-55XF8577 |99990.00|Телевизоры|http://mvideo.ru//products/led-4k-uhd-televizor-51-55-sony-kd-55xf8577-10016784
Телевизор Philips 32PHS4032/60 |16990.00|Телевизоры|http://mvideo.ru//products/televizor-philips-32phs4032-60-10016870
Телевизор LG 43LJ622V |27990.00|Телевизоры|http://mvideo.ru//products/televizor-lg-43lj622v-10012150
Телевизор Haier LE24K6000S |10990.00|Телевизоры|http://mvideo.ru//products/televizor-haier-le24k6000s-10018840
Телевизор Sony KD-43XF7005 |49990.00|Телевизоры|http://mvideo.ru//products/televizor-sony-kd-43xf7005-10018785
Телевизор LG 49LK6100PLA |35990.00|Телевизоры|http://mvideo.ru//products/televizor-lg-49lk6100pla-10018503
Телевизор LG 43LH570V |23990.00|Телевизоры|http://mvideo.ru//products/televizor-lg-43lh570v-10010660
Телевизор Aiwa 40LE7120S |18990.00|Телевизоры|http://mvideo.ru//products/televizor-aiwa-40le7120s-10013129
Телевизор Sharp LC-32HI3222EW |16990.00|Телевизоры|http://mvideo.ru//products/televizor-sharp-lc-32hi3222ew-10018605
Телевизор LG 32LK519 |16990.00|Телевизоры|http://mvideo.ru//products/televizor-lg-32lk519-10018482
Телевизор Samsung QE55Q9F (2018) |179990.00|Телевизоры|http://mvideo.ru//products/televizor-samsung-qe55q9f-2018-10018362
Телевизор Panasonic TX-32FR250W |15990.00|Телевизоры|http://mvideo.ru//products/televizor-panasonic-tx-32fr250w-10018815
Телевизор Panasonic TX-32FSR500 |20990.00|Телевизоры|http://mvideo.ru//products/televizor-panasonic-tx-32fsr500-10018928
Телевизор Prestigio PTV32DN01Z_BK_CIS |9490.00|Телевизоры|http://mvideo.ru//products/televizor-prestigio-ptv32dn01z-bk-cis-10018347
Телевизор Daewoo L28T670VGE |13990.00|Телевизоры|http://mvideo.ru//products/televizor-daewoo-l28t670vge-10020705
Телевизор Samsung UE55NU8070U |84990.00|Телевизоры|http://mvideo.ru//products/televizor-samsung-ue55nu8070u-10016679
Телевизор Supra STV-LC40LT0030F |16990.00|Телевизоры|http://mvideo.ru//products/televizor-supra-stv-lc40lt0030f-10013797
Телевизор Sony KD-55XF7596 |81490.00|Телевизоры|http://mvideo.ru//products/televizor-sony-kd-55xf7596-10018513
Телевизор Harper 49U750TS |29990.00|Телевизоры|http://mvideo.ru//products/televizor-harper-49u750ts-10019974
Телевизор Hyundai HYUN H-LED39R403BT2 |15990.00|Телевизоры|http://mvideo.ru//products/televizor-hyundai-hyun-h-led39r403bt2-30038123
Телевизор Sharp LC-40FI3222EW |24990.00|Телевизоры|http://mvideo.ru//products/televizor-sharp-lc-40fi3222ew-10018606
LED-4K UHD телевизор 66&#034;+ Samsung QE75Q6FN |249990.00|Телевизоры|http://mvideo.ru//products/led-4k-uhd-televizor-66-samsung-qe75q6fn-10018817
Телевизор Sony KDL49WE754 |39990.00|Телевизоры|http://mvideo.ru//products/televizor-sony-kdl49we754-10012525
Телевизор Prestigio Space 24 Silver (PTV24DN02Z_SL_CIS) |9990.00|Телевизоры|http://mvideo.ru//products/televizor-prestigio-space-24-silver-ptv24dn02z-sl-cis-10019135
Телевизор Sony KD-49XF9005 |111990.00|Телевизоры|http://mvideo.ru//products/televizor-sony-kd-49xf9005-10016783
Телевизор Sony KD-65XF7096 |112490.00|Телевизоры|http://mvideo.ru//products/televizor-sony-kd-65xf7096-10018802
Телевизор Sony KD-55XF8596 |99990.00|Телевизоры|http://mvideo.ru//products/televizor-sony-kd-55xf8596-10016827
Телевизор Sharp LC-40FG3242E |23990.00|Телевизоры|http://mvideo.ru//products/televizor-sharp-lc-40fg3242e-10018381
Телевизор Sony KDL-43WF804 |45990.00|Телевизоры|http://mvideo.ru//products/televizor-sony-kdl-43wf804-10018495
Телевизор Harper 55U750TS |35990.00|Телевизоры|http://mvideo.ru//products/televizor-harper-55u750ts-10019975
Телевизор Sony KD-65XF9005 |199990.00|Телевизоры|http://mvideo.ru//products/televizor-sony-kd-65xf9005-10016597
Телевизор Samsung UE32J4500AK |18490.00|Телевизоры|http://mvideo.ru//products/televizor-samsung-ue32j4500ak-10008695
Телевизор Panasonic TX-32FR250К |15990.00|Телевизоры|http://mvideo.ru//products/televizor-panasonic-tx-32fr250k-10018816
Телевизор Panasonic TX-55FXR600 |54990.00|Телевизоры|http://mvideo.ru//products/televizor-panasonic-tx-55fxr600-10018830
Телевизор Samsung UE65NU8500U |169990.00|Телевизоры|http://mvideo.ru//products/televizor-samsung-ue65nu8500u-10016684
LED-4K UHD телевизор 66&#034;+ Sony KD-75XF8596 |249990.00|Телевизоры|http://mvideo.ru//products/led-4k-uhd-televizor-66-sony-kd-75xf8596-10016787
Телевизор LG 49SK8500PLA |79990.00|Телевизоры|http://mvideo.ru//products/televizor-lg-49sk8500pla-10018525
LED- 4K UHD телевизор 44&#034;- 50&#034; Sony KD-49XF8596 |84990.00|Телевизоры|http://mvideo.ru//products/led-4k-uhd-televizor-44-50-sony-kd-49xf8596-10018499
Телевизор Samsung UE43J5202AU |23990.00|Телевизоры|http://mvideo.ru//products/televizor-samsung-ue43j5202au-10013837
Телевизор Daewoo U43V895VTE |25990.00|Телевизоры|http://mvideo.ru//products/televizor-daewoo-u43v895vte-10016855
Телевизор Sony KD-43XF7596 |55990.00|Телевизоры|http://mvideo.ru//products/televizor-sony-kd-43xf7596-10018511
Телевизор Hyundai HYUN H-LED39R403ST2 |16490.00|Телевизоры|http://mvideo.ru//products/televizor-hyundai-hyun-h-led39r403st2-30038124
Телевизор Sony KD-49XF8096 |72990.00|Телевизоры|http://mvideo.ru//products/televizor-sony-kd-49xf8096-10018130
Телевизор LG 65UK6750 |89990.00|Телевизоры|http://mvideo.ru//products/televizor-lg-65uk6750-10016638
LED- 4K UHD телевизор 44&#034;- 50&#034; Sony KD-49XF8577 |86490.00|Телевизоры|http://mvideo.ru//products/led-4k-uhd-televizor-44-50-sony-kd-49xf8577-10018473
LED-4K UHD телевизор 66&#034;+ LG 75UK6750PLB |149990.00|Телевизоры|http://mvideo.ru//products/led-4k-uhd-televizor-66-lg-75uk6750plb-10018527
Телевизор Harper 28R575T |10490.00|Телевизоры|http://mvideo.ru//products/televizor-harper-28r575t-10013305
Телевизор Sharp LC-43CUF8472ES |26990.00|Телевизоры|http://mvideo.ru//products/televizor-sharp-lc-43cuf8472es-10012176
Телевизор Panasonic TX-49ESR500 |29990.00|Телевизоры|http://mvideo.ru//products/televizor-panasonic-tx-49esr500-10012716
Телевизор Panasonic TX-49FSR500 |34190.00|Телевизоры|http://mvideo.ru//products/televizor-panasonic-tx-49fsr500-10018833
Телевизор Sharp LC-40FI3012E |23990.00|Телевизоры|http://mvideo.ru//products/televizor-sharp-lc-40fi3012e-10020219
Телевизор Sony KD-65XF8577 |162990.00|Телевизоры|http://mvideo.ru//products/televizor-sony-kd-65xf8577-10018914
Телевизор Sony KD-65AF8 |269990.00|Телевизоры|http://mvideo.ru//products/televizor-sony-kd-65af8-10016785
Телевизор Samsung UE49MU6670UXRU |45990.00|Телевизоры|http://mvideo.ru//products/televizor-samsung-ue49mu6670uxru-10012248
Телевизор Samsung UE49MU9000U |61990.00|Телевизоры|http://mvideo.ru//products/televizor-samsung-ue49mu9000u-10012482
Телевизор Samsung UE28J4100AK |15990.00|Телевизоры|http://mvideo.ru//products/televizor-samsung-ue28j4100ak-10007817
Телевизор LG 49UJ630V |31990.00|Телевизоры|http://mvideo.ru//products/televizor-lg-49uj630v-10012262
Телевизор LG 55LJ622V |39990.00|Телевизоры|http://mvideo.ru//products/televizor-lg-55lj622v-10013595
Телевизор LG OLED55C8PLA |159990.00|Телевизоры|http://mvideo.ru//products/televizor-lg-oled55c8pla-10016639
Телевизор LG OLED55E7N |99990.00|Телевизоры|http://mvideo.ru//products/televizor-lg-oled55e7n-10012159
Телевизор Panasonic TX-55FXR740 |89990.00|Телевизоры|http://mvideo.ru//products/televizor-panasonic-tx-55fxr740-10018877
Телевизор Sony KD-65XF8596 |162990.00|Телевизоры|http://mvideo.ru//products/televizor-sony-kd-65xf8596-10016782
LED- 4K UHD телевизор 39&#034;-43&#034; Samsung UE43LS03NAU |69990.00|Телевизоры|http://mvideo.ru//products/led-4k-uhd-televizor-39-43-samsung-ue43ls03nau-10019205
Телевизор Samsung UE55MU7500U |59990.00|Телевизоры|http://mvideo.ru//products/televizor-samsung-ue55mu7500u-10012787
Телевизор Sharp LC-32HI3012E |16990.00|Телевизоры|http://mvideo.ru//products/televizor-sharp-lc-32hi3012e-10020490
Телевизор Samsung UE49MU7500U |49990.00|Телевизоры|http://mvideo.ru//products/televizor-samsung-ue49mu7500u-10012786
Телевизор LG 55EG9A7V |54990.00|Телевизоры|http://mvideo.ru//products/televizor-lg-55eg9a7v-10012649
Телевизор LG 49UJ750V |47990.00|Телевизоры|http://mvideo.ru//products/televizor-lg-49uj750v-10011856
Телевизор LG 49UJ620V |31990.00|Телевизоры|http://mvideo.ru//products/televizor-lg-49uj620v-10013905
Телевизор Prestigio PTV50SN02Y BK CIS |27490.00|Телевизоры|http://mvideo.ru//products/televizor-prestigio-ptv50sn02y-bk-cis-10020482
Телевизор Sharp LC-40CFF5222E |19990.00|Телевизоры|http://mvideo.ru//products/televizor-sharp-lc-40cff5222e-10012173
LED-4K UHD телевизор 66&#034;+ Samsung UE75NU7100U |159990.00|Телевизоры|http://mvideo.ru//products/led-4k-uhd-televizor-66-samsung-ue75nu7100u-10018344
Телевизор Sharp LC-55CUG8052E |44990.00|Телевизоры|http://mvideo.ru//products/televizor-sharp-lc-55cug8052e-10012185
Телевизор LG 49UJ634V |33990.00|Телевизоры|http://mvideo.ru//products/televizor-lg-49uj634v-10012261
Телевизор LG OLED55C7V |79990.00|Телевизоры|http://mvideo.ru//products/televizor-lg-oled55c7v-10012158
Телевизор Sony KDL32WD756 |30990.00|Телевизоры|http://mvideo.ru//products/televizor-sony-kdl32wd756-10010120
Телевизор Sharp LC-32CFG6452E |21990.00|Телевизоры|http://mvideo.ru//products/televizor-sharp-lc-32cfg6452e-10012170
Телевизор Panasonic TX-43FSR400 |28990.00|Телевизоры|http://mvideo.ru//products/televizor-panasonic-tx-43fsr400-10020488
Телевизор Panasonic TX-65FZR800 |239990.00|Телевизоры|http://mvideo.ru//products/televizor-panasonic-tx-65fzr800-10018871
Телевизор Horizont 32LE5181D |10990.00|Телевизоры|http://mvideo.ru//products/televizor-horizont-32le5181d-10012092
LED-4K телевизор 51 - 55&#034; Samsung UE55MU6470U |51990.00|Телевизоры|http://mvideo.ru//products/led-4k-televizor-51-55-samsung-ue55mu6470u-10012399
Телевизор LG 55UJ634V |39990.00|Телевизоры|http://mvideo.ru//products/televizor-lg-55uj634v-10012260
Телевизор LG 43LK5100 |25490.00|Телевизоры|http://mvideo.ru//products/televizor-lg-43lk5100-10016630
Телевизор Horizont 22LE5610D |8990.00|Телевизоры|http://mvideo.ru//products/televizor-horizont-22le5610d-10012095
Телевизор Daewoo L24V639VAE |12990.00|Телевизоры|http://mvideo.ru//products/televizor-daewoo-l24v639vae-10020821
Телевизор LG 24LH451U |12990.00|Телевизоры|http://mvideo.ru//products/televizor-lg-24lh451u-10010728
Телевизор Sony KDL40RD453 |29990.00|Телевизоры|http://mvideo.ru//products/televizor-sony-kdl40rd453-10009963
Телевизор Sony KDL32RD433 |17990.00|Телевизоры|http://mvideo.ru//products/televizor-sony-kdl32rd433-10009966
Телевизор Supra STV-LC32LT0011W |9490.00|Телевизоры|http://mvideo.ru//products/televizor-supra-stv-lc32lt0011w-10012833
LED-4K UHD телевизор 66&#034;+ Sony KD-75XF9005 |329990.00|Телевизоры|http://mvideo.ru//products/led-4k-uhd-televizor-66-sony-kd-75xf9005-10016598
Телевизор Samsung QE65Q9F (2018) |299990.00|Телевизоры|http://mvideo.ru//products/televizor-samsung-qe65q9f-2018-10016677
LED-4K UHD телевизор 66&#034;+ Samsung QE75Q7F (2018) |349990.00|Телевизоры|http://mvideo.ru//products/led-4k-uhd-televizor-66-samsung-qe75q7f-2018-10016689
LED- 4K UHD телевизор 44&#034;- 50&#034; Samsung UE49LS03NAU |89990.00|Телевизоры|http://mvideo.ru//products/led-4k-uhd-televizor-44-50-samsung-ue49ls03nau-10019206
Телевизор Samsung UE55NU7670U |64990.00|Телевизоры|http://mvideo.ru//products/televizor-samsung-ue55nu7670u-10018598
Телевизор LG 50UK6300 |38990.00|Телевизоры|http://mvideo.ru//products/televizor-lg-50uk6300-10016838
Телевизор Samsung UE40NU7170U |33990.00|Телевизоры|http://mvideo.ru//products/televizor-samsung-ue40nu7170u-10018743
Телевизор Samsung UE65NU7170U |84990.00|Телевизоры|http://mvideo.ru//products/televizor-samsung-ue65nu7170u-10016681
Телевизор Samsung UE65NU7470U |99990.00|Телевизоры|http://mvideo.ru//products/televizor-samsung-ue65nu7470u-10016683
Телевизор LG 55SK8100PLA |74990.00|Телевизоры|http://mvideo.ru//products/televizor-lg-55sk8100pla-10018627
Телевизор Samsung UE58NU7100U |51990.00|Телевизоры|http://mvideo.ru//products/televizor-samsung-ue58nu7100u-10019100
Телевизор Samsung UE49NU7670U |54990.00|Телевизоры|http://mvideo.ru//products/televizor-samsung-ue49nu7670u-10018761
Телевизор Sony KDL32WD603 |21990.00|Телевизоры|http://mvideo.ru//products/televizor-sony-kdl32wd603-10009965
Телевизор LG 55UK6300PLB |47990.00|Телевизоры|http://mvideo.ru//products/televizor-lg-55uk6300plb-10018697
Телевизор Samsung UE43N5510AU |29490.00|Телевизоры|http://mvideo.ru//products/televizor-samsung-ue43n5510au-10018931
Телевизор LG 49UK6390 |39990.00|Телевизоры|http://mvideo.ru//products/televizor-lg-49uk6390-10016653
Телевизор Samsung UE32M5550AU |25990.00|Телевизоры|http://mvideo.ru//products/televizor-samsung-ue32m5550au-10012392
Телевизор LG 43UK6450 |35990.00|Телевизоры|http://mvideo.ru//products/televizor-lg-43uk6450-10016835
Телевизор Haier LE32K5500T |14990.00|Телевизоры|http://mvideo.ru//products/televizor-haier-le32k5500t-10018829
Телевизор Samsung UE43NU7470U |41990.00|Телевизоры|http://mvideo.ru//products/televizor-samsung-ue43nu7470u-10018762
Телевизор Samsung UE32N5300AU |19990.00|Телевизоры|http://mvideo.ru//products/televizor-samsung-ue32n5300au-10018820
Телевизор Harper 24R575T |8990.00|Телевизоры|http://mvideo.ru//products/televizor-harper-24r575t-10013304
Телевизор LG 43UK6200PLA |28990.00|Телевизоры|http://mvideo.ru//products/televizor-lg-43uk6200pla-10019131
Телевизор LG 32LK500BPLA |14990.00|Телевизоры|http://mvideo.ru//products/televizor-lg-32lk500bpla-10018696
Телевизор Samsung UE49NU7100U |37990.00|Телевизоры|http://mvideo.ru//products/televizor-samsung-ue49nu7100u-10018149
Телевизор Samsung UE49NU7300U |39990.00|Телевизоры|http://mvideo.ru//products/televizor-samsung-ue49nu7300u-10018594
Телевизор LG 55UK6200PLA |39990.00|Телевизоры|http://mvideo.ru//products/televizor-lg-55uk6200pla-10019002
Телевизор Supra STV-LC40LT0020F |15190.00|Телевизоры|http://mvideo.ru//products/televizor-supra-stv-lc40lt0020f-10021027
Телевизор Samsung UE50NU7470U |49990.00|Телевизоры|http://mvideo.ru//products/televizor-samsung-ue50nu7470u-10018760
Телевизор Samsung UE49NU7500U |46190.00|Телевизоры|http://mvideo.ru//products/televizor-samsung-ue49nu7500u-10018595
Телевизор LG 43LK5910 |27990.00|Телевизоры|http://mvideo.ru//products/televizor-lg-43lk5910-10016631
Телевизор Samsung UE55NU7470U |59990.00|Телевизоры|http://mvideo.ru//products/televizor-samsung-ue55nu7470u-10018597
Телевизор Samsung UE55NU7300U |46490.00|Телевизоры|http://mvideo.ru//products/televizor-samsung-ue55nu7300u-10018432
Телевизор Samsung UE55NU7500U |55490.00|Телевизоры|http://mvideo.ru//products/televizor-samsung-ue55nu7500u-10018553
Телевизор Samsung UE32N4500AU |18990.00|Телевизоры|http://mvideo.ru//products/televizor-samsung-ue32n4500au-10018929
Телевизор Samsung UE32N4000AU |15990.00|Телевизоры|http://mvideo.ru//products/televizor-samsung-ue32n4000au-10018818
Телевизор LG 49UK6450 |42990.00|Телевизоры|http://mvideo.ru//products/televizor-lg-49uk6450-10016634
Телевизор Sony KDL-43RF453 |28990.00|Телевизоры|http://mvideo.ru//products/televizor-sony-kdl-43rf453-10018784
Телевизор LG 43UK6750 |39990.00|Телевизоры|http://mvideo.ru//products/televizor-lg-43uk6750-10016632
Телевизор Samsung UE43N5500AU |29990.00|Телевизоры|http://mvideo.ru//products/televizor-samsung-ue43n5500au-10018883
Телевизор Samsung UE43N5000AU |24990.00|Телевизоры|http://mvideo.ru//products/televizor-samsung-ue43n5000au-10018821
Телевизор Samsung UE24H4070AU |13490.00|Телевизоры|http://mvideo.ru//products/televizor-samsung-ue24h4070au-10006755
Телевизор Sony KDL-32RE303 |19990.00|Телевизоры|http://mvideo.ru//products/televizor-sony-kdl-32re303-10012676
Телевизор Samsung UE40NU7100U |31990.00|Телевизоры|http://mvideo.ru//products/televizor-samsung-ue40nu7100u-10018742
Телевизор LG 55UK6750 |57990.00|Телевизоры|http://mvideo.ru//products/televizor-lg-55uk6750-10016637
Телевизор LG 43LJ510V |21990.00|Телевизоры|http://mvideo.ru//products/televizor-lg-43lj510v-10011838
Телевизор Samsung QE55Q7F (2018) |109990.00|Телевизоры|http://mvideo.ru//products/televizor-samsung-qe55q7f-2018-10016686
Телевизор Samsung QE49Q6FNAU |73990.00|Телевизоры|http://mvideo.ru//products/televizor-samsung-qe49q6fnau-10018740
Телевизор LG 28LK480U-PZ |18190.00|Телевизоры|http://mvideo.ru//products/televizor-lg-28lk480u-pz-10021020
Телевизор LG 32LJ500V |16990.00|Телевизоры|http://mvideo.ru//products/televizor-lg-32lj500v-10012665
Телевизор Samsung UE43N5570AU |29990.00|Телевизоры|http://mvideo.ru//products/televizor-samsung-ue43n5570au-10018882
LED-4K UHD телевизор 51 - 55&#034; Samsung QE55Q6FNAU |89990.00|Телевизоры|http://mvideo.ru//products/led-4k-uhd-televizor-51-55-samsung-qe55q6fnau-10018741
Телевизор LG 43UK6300 |32990.00|Телевизоры|http://mvideo.ru//products/televizor-lg-43uk6300-10018523
Телевизор Samsung UE55NU7100U |46990.00|Телевизоры|http://mvideo.ru//products/televizor-samsung-ue55nu7100u-10018341
Телевизор Haier LE43K6000SF |21990.00|Телевизоры|http://mvideo.ru//products/televizor-haier-le43k6000sf-10018843
Телевизор LG 24LJ480U-PZ |16990.00|Телевизоры|http://mvideo.ru//products/televizor-lg-24lj480u-pz-10016309
Телевизор Samsung UE24H4080AU |13490.00|Телевизоры|http://mvideo.ru//products/televizor-samsung-ue24h4080au-10006954
Телевизор Samsung UE43J5272AU |27990.00|Телевизоры|http://mvideo.ru//products/televizor-samsung-ue43j5272au-10018926
Телевизор Harper 32R575T |10490.00|Телевизоры|http://mvideo.ru//products/televizor-harper-32r575t-10013306
Телевизор LG 65UK6450 |74990.00|Телевизоры|http://mvideo.ru//products/televizor-lg-65uk6450-10018504
Телевизор Samsung UE50NU7400U |46390.00|Телевизоры|http://mvideo.ru//products/televizor-samsung-ue50nu7400u-10018596
Телевизор Sony KDL40WD653 |32990.00|Телевизоры|http://mvideo.ru//products/televizor-sony-kdl40wd653-10009964
Телевизор Samsung UE43NU7100U |35990.00|Телевизоры|http://mvideo.ru//products/televizor-samsung-ue43nu7100u-10018480
Телевизор LG 43LK6200PLD |29990.00|Телевизоры|http://mvideo.ru//products/televizor-lg-43lk6200pld-10016651
Телевизор Samsung UE49N5500AU |34990.00|Телевизоры|http://mvideo.ru//products/televizor-samsung-ue49n5500au-10018881
Телевизор Samsung UE55MU6670U |54990.00|Телевизоры|http://mvideo.ru//products/televizor-samsung-ue55mu6670u-10012400
Телевизор Samsung UE49NU7170U |41990.00|Телевизоры|http://mvideo.ru//products/televizor-samsung-ue49nu7170u-10018340
Телевизор Samsung UE55M6550AU |41990.00|Телевизоры|http://mvideo.ru//products/televizor-samsung-ue55m6550au-10012719
Телевизор LG 22LH450V-PZ |13490.00|Телевизоры|http://mvideo.ru//products/televizor-lg-22lh450v-pz-10015117
Телевизор Sony KDL48WD653 |38990.00|Телевизоры|http://mvideo.ru//products/televizor-sony-kdl48wd653-10009851
Телевизор Harper 16R575 |5490.00|Телевизоры|http://mvideo.ru//products/televizor-harper-16r575-10013301
Телевизор Sharp LC-24CHF4012E |11990.00|Телевизоры|http://mvideo.ru//products/televizor-sharp-lc-24chf4012e-10018378
Телевизор LG 28LK451V-PZ |15190.00|Телевизоры|http://mvideo.ru//products/televizor-lg-28lk451v-pz-10021021
Телевизор LG 49LK5910 |31290.00|Телевизоры|http://mvideo.ru//products/televizor-lg-49lk5910-10018524
Телевизор Samsung UE32N4510AU |20990.00|Телевизоры|http://mvideo.ru//products/televizor-samsung-ue32n4510au-10018930
Телевизор Haier LE32K6000S |12990.00|Телевизоры|http://mvideo.ru//products/televizor-haier-le32k6000s-10018841
Телевизор LG 32LK540BPLA |18990.00|Телевизоры|http://mvideo.ru//products/televizor-lg-32lk540bpla-10018933
Телевизор LG 24LK451V-PZ |13190.00|Телевизоры|http://mvideo.ru//products/televizor-lg-24lk451v-pz-10020719
Телевизор LG 43LJ515V |24190.00|Телевизоры|http://mvideo.ru//products/televizor-lg-43lj515v-10012164
Телевизор Prestigio Space 24 Black (PTV24DN02Z_BK_CIS) |9490.00|Телевизоры|http://mvideo.ru//products/televizor-prestigio-space-24-black-ptv24dn02z-bk-cis-10019134
Телевизор LG 49SK8100 |61990.00|Телевизоры|http://mvideo.ru//products/televizor-lg-49sk8100-10016837
Телевизор Samsung UE32N4010AU |16990.00|Телевизоры|http://mvideo.ru//products/televizor-samsung-ue32n4010au-10018879
Телевизор Sony KDL-43WF665 |38690.00|Телевизоры|http://mvideo.ru//products/televizor-sony-kdl-43wf665-10018494
Телевизор LG 43LK5990 |28990.00|Телевизоры|http://mvideo.ru//products/televizor-lg-43lk5990-10018522
Телевизор LG 32LK615B |20990.00|Телевизоры|http://mvideo.ru//products/televizor-lg-32lk615b-10018436
Телевизор Samsung UE65NU7300U |79990.00|Телевизоры|http://mvideo.ru//products/televizor-samsung-ue65nu7300u-10016682
Телевизор Samsung UE43NU7170U |37990.00|Телевизоры|http://mvideo.ru//products/televizor-samsung-ue43nu7170u-10018481
Телевизор LG 49UK6300 |38990.00|Телевизоры|http://mvideo.ru//products/televizor-lg-49uk6300-10016633
Телевизор Samsung UE55NU7670U |64990.00|Телевизоры|http://mvideo.ru//products/televizor-samsung-ue55nu7670u-10018598
Телевизор LG 50UK6300 |38990.00|Телевизоры|http://mvideo.ru//products/televizor-lg-50uk6300-10016838
Телевизор Samsung UE40NU7170U |33990.00|Телевизоры|http://mvideo.ru//products/televizor-samsung-ue40nu7170u-10018743
Телевизор Samsung UE65NU7170U |84990.00|Телевизоры|http://mvideo.ru//products/televizor-samsung-ue65nu7170u-10016681
Телевизор Samsung UE65NU7470U |99990.00|Телевизоры|http://mvideo.ru//products/televizor-samsung-ue65nu7470u-10016683
Телевизор LG 55SK8100PLA |74990.00|Телевизоры|http://mvideo.ru//products/televizor-lg-55sk8100pla-10018627
Телевизор Samsung UE32M5550AU |25990.00|Телевизоры|http://mvideo.ru//products/televizor-samsung-ue32m5550au-10012392
Телевизор LG 43UK6450 |35990.00|Телевизоры|http://mvideo.ru//products/televizor-lg-43uk6450-10016835
Телевизор Haier LE32K5500T |14990.00|Телевизоры|http://mvideo.ru//products/televizor-haier-le32k5500t-10018829
Телевизор Samsung UE43NU7470U |41990.00|Телевизоры|http://mvideo.ru//products/televizor-samsung-ue43nu7470u-10018762
Телевизор Samsung UE32N5300AU |19990.00|Телевизоры|http://mvideo.ru//products/televizor-samsung-ue32n5300au-10018820
Телевизор Harper 24R575T |8990.00|Телевизоры|http://mvideo.ru//products/televizor-harper-24r575t-10013304
Телевизор Samsung UE50NU7470U |49990.00|Телевизоры|http://mvideo.ru//products/televizor-samsung-ue50nu7470u-10018760
Телевизор Samsung UE49NU7500U |46190.00|Телевизоры|http://mvideo.ru//products/televizor-samsung-ue49nu7500u-10018595
Телевизор LG 43LK5910 |27990.00|Телевизоры|http://mvideo.ru//products/televizor-lg-43lk5910-10016631
Телевизор Samsung UE55NU7470U |59990.00|Телевизоры|http://mvideo.ru//products/televizor-samsung-ue55nu7470u-10018597
Телевизор Samsung UE55NU7300U |46490.00|Телевизоры|http://mvideo.ru//products/televizor-samsung-ue55nu7300u-10018432
Телевизор Samsung UE55NU7500U |55490.00|Телевизоры|http://mvideo.ru//products/televizor-samsung-ue55nu7500u-10018553
Телевизор Samsung UE43N5000AU |24990.00|Телевизоры|http://mvideo.ru//products/televizor-samsung-ue43n5000au-10018821
Телевизор Samsung UE24H4070AU |13490.00|Телевизоры|http://mvideo.ru//products/televizor-samsung-ue24h4070au-10006755
Телевизор Sony KDL-32RE303 |19990.00|Телевизоры|http://mvideo.ru//products/televizor-sony-kdl-32re303-10012676
Телевизор Samsung UE40NU7100U |31990.00|Телевизоры|http://mvideo.ru//products/televizor-samsung-ue40nu7100u-10018742
Телевизор LG 55UK6750 |57990.00|Телевизоры|http://mvideo.ru//products/televizor-lg-55uk6750-10016637
Телевизор LG 43LJ510V |21990.00|Телевизоры|http://mvideo.ru//products/televizor-lg-43lj510v-10011838
Телевизор Samsung UE55NU7670U |64990.00|Телевизоры|http://mvideo.ru//products/televizor-samsung-ue55nu7670u-10018598
Телевизор LG 50UK6300 |38990.00|Телевизоры|http://mvideo.ru//products/televizor-lg-50uk6300-10016838
Телевизор Samsung UE40NU7170U |33990.00|Телевизоры|http://mvideo.ru//products/televizor-samsung-ue40nu7170u-10018743
Телевизор Samsung UE65NU7170U |84990.00|Телевизоры|http://mvideo.ru//products/televizor-samsung-ue65nu7170u-10016681
Телевизор Samsung UE65NU7470U |99990.00|Телевизоры|http://mvideo.ru//products/televizor-samsung-ue65nu7470u-10016683
Телевизор LG 55SK8100PLA |74990.00|Телевизоры|http://mvideo.ru//products/televizor-lg-55sk8100pla-10018627
Телевизор Samsung UE32M5550AU |25990.00|Телевизоры|http://mvideo.ru//products/televizor-samsung-ue32m5550au-10012392
Телевизор LG 43UK6450 |35990.00|Телевизоры|http://mvideo.ru//products/televizor-lg-43uk6450-10016835
Телевизор Haier LE32K5500T |14990.00|Телевизоры|http://mvideo.ru//products/televizor-haier-le32k5500t-10018829
Телевизор Samsung UE43NU7470U |41990.00|Телевизоры|http://mvideo.ru//products/televizor-samsung-ue43nu7470u-10018762
Телевизор Samsung UE32N5300AU |19990.00|Телевизоры|http://mvideo.ru//products/televizor-samsung-ue32n5300au-10018820
Телевизор Harper 24R575T |8990.00|Телевизоры|http://mvideo.ru//products/televizor-harper-24r575t-10013304
Телевизор Samsung UE50NU7470U |49990.00|Телевизоры|http://mvideo.ru//products/televizor-samsung-ue50nu7470u-10018760
Телевизор Samsung UE49NU7500U |46190.00|Телевизоры|http://mvideo.ru//products/televizor-samsung-ue49nu7500u-10018595
Телевизор LG 43LK5910 |27990.00|Телевизоры|http://mvideo.ru//products/televizor-lg-43lk5910-10016631
Телевизор Samsung UE55NU7470U |59990.00|Телевизоры|http://mvideo.ru//products/televizor-samsung-ue55nu7470u-10018597
Телевизор Samsung UE55NU7300U |46490.00|Телевизоры|http://mvideo.ru//products/televizor-samsung-ue55nu7300u-10018432
Телевизор Samsung UE55NU7500U |55490.00|Телевизоры|http://mvideo.ru//products/televizor-samsung-ue55nu7500u-10018553
Телевизор Samsung UE43N5000AU |24990.00|Телевизоры|http://mvideo.ru//products/televizor-samsung-ue43n5000au-10018821
Телевизор Samsung UE24H4070AU |13490.00|Телевизоры|http://mvideo.ru//products/televizor-samsung-ue24h4070au-10006755
Телевизор Sony KDL-32RE303 |19990.00|Телевизоры|http://mvideo.ru//products/televizor-sony-kdl-32re303-10012676
Телевизор Samsung UE40NU7100U |31990.00|Телевизоры|http://mvideo.ru//products/televizor-samsung-ue40nu7100u-10018742
Телевизор LG 55UK6750 |57990.00|Телевизоры|http://mvideo.ru//products/televizor-lg-55uk6750-10016637
Телевизор LG 43LJ510V |21990.00|Телевизоры|http://mvideo.ru//products/televizor-lg-43lj510v-10011838
Телевизор LG 43UK6300 |32990.00|Телевизоры|http://mvideo.ru//products/televizor-lg-43uk6300-10018523
Телевизор Samsung UE55NU7100U |46990.00|Телевизоры|http://mvideo.ru//products/televizor-samsung-ue55nu7100u-10018341
Телевизор Haier LE43K6000SF |21990.00|Телевизоры|http://mvideo.ru//products/televizor-haier-le43k6000sf-10018843
Телевизор LG 24LJ480U-PZ |16990.00|Телевизоры|http://mvideo.ru//products/televizor-lg-24lj480u-pz-10016309
Телевизор Samsung UE24H4080AU |13490.00|Телевизоры|http://mvideo.ru//products/televizor-samsung-ue24h4080au-10006954
Телевизор Samsung UE43J5272AU |27990.00|Телевизоры|http://mvideo.ru//products/televizor-samsung-ue43j5272au-10018926
Телевизор Samsung UE49N5500AU |34990.00|Телевизоры|http://mvideo.ru//products/televizor-samsung-ue49n5500au-10018881
Телевизор Samsung UE55MU6670U |54990.00|Телевизоры|http://mvideo.ru//products/televizor-samsung-ue55mu6670u-10012400
Телевизор Samsung UE49NU7170U |41990.00|Телевизоры|http://mvideo.ru//products/televizor-samsung-ue49nu7170u-10018340
Телевизор Samsung UE55M6550AU |41990.00|Телевизоры|http://mvideo.ru//products/televizor-samsung-ue55m6550au-10012719
Телевизор LG 22LH450V-PZ |13490.00|Телевизоры|http://mvideo.ru//products/televizor-lg-22lh450v-pz-10015117
Телевизор Sony KDL48WD653 |38990.00|Телевизоры|http://mvideo.ru//products/televizor-sony-kdl48wd653-10009851
Телевизор Samsung UE55NU7670U |64990.00|Телевизоры|http://mvideo.ru//products/televizor-samsung-ue55nu7670u-10018598
Телевизор LG 50UK6300 |38990.00|Телевизоры|http://mvideo.ru//products/televizor-lg-50uk6300-10016838
Телевизор Samsung UE40NU7170U |33990.00|Телевизоры|http://mvideo.ru//products/televizor-samsung-ue40nu7170u-10018743
Телевизор Samsung UE65NU7170U |84990.00|Телевизоры|http://mvideo.ru//products/televizor-samsung-ue65nu7170u-10016681
Телевизор Samsung UE65NU7470U |99990.00|Телевизоры|http://mvideo.ru//products/televizor-samsung-ue65nu7470u-10016683
Телевизор LG 55SK8100PLA |74990.00|Телевизоры|http://mvideo.ru//products/televizor-lg-55sk8100pla-10018627
Телевизор Samsung UE32M5550AU |25990.00|Телевизоры|http://mvideo.ru//products/televizor-samsung-ue32m5550au-10012392
Телевизор LG 43UK6450 |35990.00|Телевизоры|http://mvideo.ru//products/televizor-lg-43uk6450-10016835
Телевизор Haier LE32K5500T |14990.00|Телевизоры|http://mvideo.ru//products/televizor-haier-le32k5500t-10018829
Телевизор Samsung UE43NU7470U |41990.00|Телевизоры|http://mvideo.ru//products/televizor-samsung-ue43nu7470u-10018762
Телевизор Samsung UE32N5300AU |19990.00|Телевизоры|http://mvideo.ru//products/televizor-samsung-ue32n5300au-10018820
Телевизор Harper 24R575T |8990.00|Телевизоры|http://mvideo.ru//products/televizor-harper-24r575t-10013304
Телевизор Samsung UE50NU7470U |49990.00|Телевизоры|http://mvideo.ru//products/televizor-samsung-ue50nu7470u-10018760
Телевизор Samsung UE49NU7500U |46190.00|Телевизоры|http://mvideo.ru//products/televizor-samsung-ue49nu7500u-10018595
Телевизор LG 43LK5910 |27990.00|Телевизоры|http://mvideo.ru//products/televizor-lg-43lk5910-10016631
Телевизор Samsung UE55NU7470U |59990.00|Телевизоры|http://mvideo.ru//products/televizor-samsung-ue55nu7470u-10018597
Телевизор Samsung UE55NU7300U |46490.00|Телевизоры|http://mvideo.ru//products/televizor-samsung-ue55nu7300u-10018432
Телевизор Samsung UE55NU7500U |55490.00|Телевизоры|http://mvideo.ru//products/televizor-samsung-ue55nu7500u-10018553
Телевизор Samsung UE43N5000AU |24990.00|Телевизоры|http://mvideo.ru//products/televizor-samsung-ue43n5000au-10018821
Телевизор Samsung UE24H4070AU |13490.00|Телевизоры|http://mvideo.ru//products/televizor-samsung-ue24h4070au-10006755
Телевизор Sony KDL-32RE303 |19990.00|Телевизоры|http://mvideo.ru//products/televizor-sony-kdl-32re303-10012676
Телевизор Samsung UE40NU7100U |31990.00|Телевизоры|http://mvideo.ru//products/televizor-samsung-ue40nu7100u-10018742
Телевизор LG 55UK6750 |57990.00|Телевизоры|http://mvideo.ru//products/televizor-lg-55uk6750-10016637
Телевизор LG 43LJ510V |21990.00|Телевизоры|http://mvideo.ru//products/televizor-lg-43lj510v-10011838
Телевизор LG 43UK6300 |32990.00|Телевизоры|http://mvideo.ru//products/televizor-lg-43uk6300-10018523
Телевизор Samsung UE55NU7100U |46990.00|Телевизоры|http://mvideo.ru//products/televizor-samsung-ue55nu7100u-10018341
Телевизор Haier LE43K6000SF |21990.00|Телевизоры|http://mvideo.ru//products/televizor-haier-le43k6000sf-10018843
Телевизор LG 24LJ480U-PZ |16990.00|Телевизоры|http://mvideo.ru//products/televizor-lg-24lj480u-pz-10016309
Телевизор Samsung UE24H4080AU |13490.00|Телевизоры|http://mvideo.ru//products/televizor-samsung-ue24h4080au-10006954
Телевизор Samsung UE43J5272AU |27990.00|Телевизоры|http://mvideo.ru//products/televizor-samsung-ue43j5272au-10018926
Телевизор Samsung UE49N5500AU |34990.00|Телевизоры|http://mvideo.ru//products/televizor-samsung-ue49n5500au-10018881
Телевизор Samsung UE55MU6670U |54990.00|Телевизоры|http://mvideo.ru//products/televizor-samsung-ue55mu6670u-10012400
Телевизор Samsung UE49NU7170U |41990.00|Телевизоры|http://mvideo.ru//products/televizor-samsung-ue49nu7170u-10018340
Телевизор Samsung UE55M6550AU |41990.00|Телевизоры|http://mvideo.ru//products/televizor-samsung-ue55m6550au-10012719
Телевизор LG 22LH450V-PZ |13490.00|Телевизоры|http://mvideo.ru//products/televizor-lg-22lh450v-pz-10015117
Телевизор Sony KDL48WD653 |38990.00|Телевизоры|http://mvideo.ru//products/televizor-sony-kdl48wd653-10009851
Телевизор LG 32LK540BPLA |18990.00|Телевизоры|http://mvideo.ru//products/televizor-lg-32lk540bpla-10018933
Телевизор LG 24LK451V-PZ |13190.00|Телевизоры|http://mvideo.ru//products/televizor-lg-24lk451v-pz-10020719
Телевизор LG 43LJ515V |24190.00|Телевизоры|http://mvideo.ru//products/televizor-lg-43lj515v-10012164
Телевизор Prestigio Space 24 Black (PTV24DN02Z_BK_CIS) |9490.00|Телевизоры|http://mvideo.ru//products/televizor-prestigio-space-24-black-ptv24dn02z-bk-cis-10019134
Телевизор LG 49SK8100 |61990.00|Телевизоры|http://mvideo.ru//products/televizor-lg-49sk8100-10016837
Телевизор Samsung UE32N4010AU |16990.00|Телевизоры|http://mvideo.ru//products/televizor-samsung-ue32n4010au-10018879
Телевизор LG 49UK6200PLA |36990.00|Телевизоры|http://mvideo.ru//products/televizor-lg-49uk6200pla-10019132
Телевизор LG 43UK6390 |33990.00|Телевизоры|http://mvideo.ru//products/televizor-lg-43uk6390-10016836
Телевизор Samsung UE49N5510AU |37990.00|Телевизоры|http://mvideo.ru//products/televizor-samsung-ue49n5510au-10018932
Телевизор Samsung UE49N5570AU |37990.00|Телевизоры|http://mvideo.ru//products/televizor-samsung-ue49n5570au-10018880
Телевизор LG 32LK6190 |25990.00|Телевизоры|http://mvideo.ru//products/televizor-lg-32lk6190-10016585
Телевизор LG 55UK6450 |49390.00|Телевизоры|http://mvideo.ru//products/televizor-lg-55uk6450-10016839
Телевизор Samsung UE55NU7670U |64990.00|Телевизоры|http://mvideo.ru//products/televizor-samsung-ue55nu7670u-10018598
Телевизор LG 50UK6300 |38990.00|Телевизоры|http://mvideo.ru//products/televizor-lg-50uk6300-10016838
Телевизор Samsung UE40NU7170U |33990.00|Телевизоры|http://mvideo.ru//products/televizor-samsung-ue40nu7170u-10018743
Телевизор Samsung UE65NU7170U |84990.00|Телевизоры|http://mvideo.ru//products/televizor-samsung-ue65nu7170u-10016681
Телевизор Samsung UE65NU7470U |99990.00|Телевизоры|http://mvideo.ru//products/televizor-samsung-ue65nu7470u-10016683
Телевизор LG 55SK8100PLA |74990.00|Телевизоры|http://mvideo.ru//products/televizor-lg-55sk8100pla-10018627
Телевизор Samsung UE58NU7100U |51990.00|Телевизоры|http://mvideo.ru//products/televizor-samsung-ue58nu7100u-10019100
Телевизор Samsung UE49NU7670U |54990.00|Телевизоры|http://mvideo.ru//products/televizor-samsung-ue49nu7670u-10018761
Телевизор Sony KDL32WD603 |21990.00|Телевизоры|http://mvideo.ru//products/televizor-sony-kdl32wd603-10009965
Телевизор LG 55UK6300PLB |47990.00|Телевизоры|http://mvideo.ru//products/televizor-lg-55uk6300plb-10018697
Телевизор Samsung UE43N5510AU |29490.00|Телевизоры|http://mvideo.ru//products/televizor-samsung-ue43n5510au-10018931
Телевизор LG 49UK6390 |39990.00|Телевизоры|http://mvideo.ru//products/televizor-lg-49uk6390-10016653
Телевизор Samsung UE32M5550AU |25990.00|Телевизоры|http://mvideo.ru//products/televizor-samsung-ue32m5550au-10012392
Телевизор LG 43UK6450 |35990.00|Телевизоры|http://mvideo.ru//products/televizor-lg-43uk6450-10016835
Телевизор Haier LE32K5500T |14990.00|Телевизоры|http://mvideo.ru//products/televizor-haier-le32k5500t-10018829
Телевизор Samsung UE43NU7470U |41990.00|Телевизоры|http://mvideo.ru//products/televizor-samsung-ue43nu7470u-10018762
Телевизор Samsung UE32N5300AU |19990.00|Телевизоры|http://mvideo.ru//products/televizor-samsung-ue32n5300au-10018820
Телевизор Harper 24R575T |8990.00|Телевизоры|http://mvideo.ru//products/televizor-harper-24r575t-10013304
Телевизор LG 43UK6200PLA |28990.00|Телевизоры|http://mvideo.ru//products/televizor-lg-43uk6200pla-10019131
Телевизор LG 32LK500BPLA |14990.00|Телевизоры|http://mvideo.ru//products/televizor-lg-32lk500bpla-10018696
Телевизор Samsung UE49NU7100U |37990.00|Телевизоры|http://mvideo.ru//products/televizor-samsung-ue49nu7100u-10018149
Телевизор Samsung UE49NU7300U |39990.00|Телевизоры|http://mvideo.ru//products/televizor-samsung-ue49nu7300u-10018594
Телевизор LG 55UK6200PLA |39990.00|Телевизоры|http://mvideo.ru//products/televizor-lg-55uk6200pla-10019002
Телевизор Supra STV-LC40LT0020F |15190.00|Телевизоры|http://mvideo.ru//products/televizor-supra-stv-lc40lt0020f-10021027
Телевизор Samsung UE50NU7470U |49990.00|Телевизоры|http://mvideo.ru//products/televizor-samsung-ue50nu7470u-10018760
Телевизор Samsung UE49NU7500U |46190.00|Телевизоры|http://mvideo.ru//products/televizor-samsung-ue49nu7500u-10018595
Телевизор LG 43LK5910 |27990.00|Телевизоры|http://mvideo.ru//products/televizor-lg-43lk5910-10016631
Телевизор Samsung UE55NU7470U |59990.00|Телевизоры|http://mvideo.ru//products/televizor-samsung-ue55nu7470u-10018597
Телевизор Samsung UE55NU7300U |46490.00|Телевизоры|http://mvideo.ru//products/televizor-samsung-ue55nu7300u-10018432
Телевизор Samsung UE55NU7500U |55490.00|Телевизоры|http://mvideo.ru//products/televizor-samsung-ue55nu7500u-10018553
Телевизор Samsung UE32N4500AU |18990.00|Телевизоры|http://mvideo.ru//products/televizor-samsung-ue32n4500au-10018929
Телевизор Samsung UE32N4000AU |15990.00|Телевизоры|http://mvideo.ru//products/televizor-samsung-ue32n4000au-10018818
Телевизор LG 49UK6450 |42990.00|Телевизоры|http://mvideo.ru//products/televizor-lg-49uk6450-10016634
Телевизор Sony KDL-43RF453 |28990.00|Телевизоры|http://mvideo.ru//products/televizor-sony-kdl-43rf453-10018784
Телевизор LG 43UK6750 |39990.00|Телевизоры|http://mvideo.ru//products/televizor-lg-43uk6750-10016632
Телевизор Samsung UE43N5500AU |29990.00|Телевизоры|http://mvideo.ru//products/televizor-samsung-ue43n5500au-10018883
Телевизор Samsung UE43N5000AU |24990.00|Телевизоры|http://mvideo.ru//products/televizor-samsung-ue43n5000au-10018821
Телевизор Samsung UE24H4070AU |13490.00|Телевизоры|http://mvideo.ru//products/televizor-samsung-ue24h4070au-10006755
Телевизор Sony KDL-32RE303 |19990.00|Телевизоры|http://mvideo.ru//products/televizor-sony-kdl-32re303-10012676
Телевизор Samsung UE40NU7100U |31990.00|Телевизоры|http://mvideo.ru//products/televizor-samsung-ue40nu7100u-10018742
Телевизор LG 55UK6750 |57990.00|Телевизоры|http://mvideo.ru//products/televizor-lg-55uk6750-10016637
Телевизор LG 43LJ510V |21990.00|Телевизоры|http://mvideo.ru//products/televizor-lg-43lj510v-10011838
Телевизор Samsung QE55Q7F (2018) |109990.00|Телевизоры|http://mvideo.ru//products/televizor-samsung-qe55q7f-2018-10016686
Телевизор Samsung QE49Q6FNAU |73990.00|Телевизоры|http://mvideo.ru//products/televizor-samsung-qe49q6fnau-10018740
Телевизор LG 28LK480U-PZ |18190.00|Телевизоры|http://mvideo.ru//products/televizor-lg-28lk480u-pz-10021020
Телевизор LG 32LJ500V |16990.00|Телевизоры|http://mvideo.ru//products/televizor-lg-32lj500v-10012665
Телевизор Samsung UE43N5570AU |29990.00|Телевизоры|http://mvideo.ru//products/televizor-samsung-ue43n5570au-10018882
LED-4K UHD телевизор 51 - 55&#034; Samsung QE55Q6FNAU |89990.00|Телевизоры|http://mvideo.ru//products/led-4k-uhd-televizor-51-55-samsung-qe55q6fnau-10018741
Телевизор LG 43UK6300 |32990.00|Телевизоры|http://mvideo.ru//products/televizor-lg-43uk6300-10018523
Телевизор Samsung UE55NU7100U |46990.00|Телевизоры|http://mvideo.ru//products/televizor-samsung-ue55nu7100u-10018341
Телевизор Haier LE43K6000SF |21990.00|Телевизоры|http://mvideo.ru//products/televizor-haier-le43k6000sf-10018843
Телевизор LG 24LJ480U-PZ |16990.00|Телевизоры|http://mvideo.ru//products/televizor-lg-24lj480u-pz-10016309
Телевизор Samsung UE24H4080AU |13490.00|Телевизоры|http://mvideo.ru//products/televizor-samsung-ue24h4080au-10006954
Телевизор Samsung UE43J5272AU |27990.00|Телевизоры|http://mvideo.ru//products/televizor-samsung-ue43j5272au-10018926
Телевизор Harper 32R575T |10490.00|Телевизоры|http://mvideo.ru//products/televizor-harper-32r575t-10013306
Телевизор LG 65UK6450 |74990.00|Телевизоры|http://mvideo.ru//products/televizor-lg-65uk6450-10018504
Телевизор Samsung UE50NU7400U |46390.00|Телевизоры|http://mvideo.ru//products/televizor-samsung-ue50nu7400u-10018596
Телевизор Sony KDL40WD653 |32990.00|Телевизоры|http://mvideo.ru//products/televizor-sony-kdl40wd653-10009964
Телевизор Samsung UE43NU7100U |35990.00|Телевизоры|http://mvideo.ru//products/televizor-samsung-ue43nu7100u-10018480
Телевизор LG 43LK6200PLD |29990.00|Телевизоры|http://mvideo.ru//products/televizor-lg-43lk6200pld-10016651
Телевизор Samsung UE49N5500AU |34990.00|Телевизоры|http://mvideo.ru//products/televizor-samsung-ue49n5500au-10018881
Телевизор Samsung UE55MU6670U |54990.00|Телевизоры|http://mvideo.ru//products/televizor-samsung-ue55mu6670u-10012400
Телевизор Samsung UE49NU7170U |41990.00|Телевизоры|http://mvideo.ru//products/televizor-samsung-ue49nu7170u-10018340
Телевизор Samsung UE55M6550AU |41990.00|Телевизоры|http://mvideo.ru//products/televizor-samsung-ue55m6550au-10012719
Телевизор LG 22LH450V-PZ |13490.00|Телевизоры|http://mvideo.ru//products/televizor-lg-22lh450v-pz-10015117
Телевизор Sony KDL48WD653 |38990.00|Телевизоры|http://mvideo.ru//products/televizor-sony-kdl48wd653-10009851
Телевизор Harper 16R575 |5490.00|Телевизоры|http://mvideo.ru//products/televizor-harper-16r575-10013301
Телевизор Sharp LC-24CHF4012E |11990.00|Телевизоры|http://mvideo.ru//products/televizor-sharp-lc-24chf4012e-10018378
Телевизор LG 28LK451V-PZ |15190.00|Телевизоры|http://mvideo.ru//products/televizor-lg-28lk451v-pz-10021021
Телевизор LG 49LK5910 |31290.00|Телевизоры|http://mvideo.ru//products/televizor-lg-49lk5910-10018524
Телевизор Samsung UE32N4510AU |20990.00|Телевизоры|http://mvideo.ru//products/televizor-samsung-ue32n4510au-10018930
Телевизор Haier LE32K6000S |12990.00|Телевизоры|http://mvideo.ru//products/televizor-haier-le32k6000s-10018841
Телевизор LG 32LK540BPLA |18990.00|Телевизоры|http://mvideo.ru//products/televizor-lg-32lk540bpla-10018933
Телевизор LG 24LK451V-PZ |13190.00|Телевизоры|http://mvideo.ru//products/televizor-lg-24lk451v-pz-10020719
Телевизор LG 43LJ515V |24190.00|Телевизоры|http://mvideo.ru//products/televizor-lg-43lj515v-10012164
Телевизор Prestigio Space 24 Black (PTV24DN02Z_BK_CIS) |9490.00|Телевизоры|http://mvideo.ru//products/televizor-prestigio-space-24-black-ptv24dn02z-bk-cis-10019134
Телевизор LG 49SK8100 |61990.00|Телевизоры|http://mvideo.ru//products/televizor-lg-49sk8100-10016837
Телевизор Samsung UE32N4010AU |16990.00|Телевизоры|http://mvideo.ru//products/televizor-samsung-ue32n4010au-10018879
Телевизор Sony KDL-43WF665 |38690.00|Телевизоры|http://mvideo.ru//products/televizor-sony-kdl-43wf665-10018494
Телевизор LG 43LK5990 |28990.00|Телевизоры|http://mvideo.ru//products/televizor-lg-43lk5990-10018522
Телевизор LG 32LK615B |20990.00|Телевизоры|http://mvideo.ru//products/televizor-lg-32lk615b-10018436
Телевизор Samsung UE65NU7300U |79990.00|Телевизоры|http://mvideo.ru//products/televizor-samsung-ue65nu7300u-10016682
Телевизор Samsung UE43NU7170U |37990.00|Телевизоры|http://mvideo.ru//products/televizor-samsung-ue43nu7170u-10018481
Телевизор LG 49UK6300 |38990.00|Телевизоры|http://mvideo.ru//products/televizor-lg-49uk6300-10016633
Телевизор LG 49UK6200PLA |36990.00|Телевизоры|http://mvideo.ru//products/televizor-lg-49uk6200pla-10019132
Телевизор LG 43UK6390 |33990.00|Телевизоры|http://mvideo.ru//products/televizor-lg-43uk6390-10016836
Телевизор Samsung UE49N5510AU |37990.00|Телевизоры|http://mvideo.ru//products/televizor-samsung-ue49n5510au-10018932
Телевизор Samsung UE49N5570AU |37990.00|Телевизоры|http://mvideo.ru//products/televizor-samsung-ue49n5570au-10018880
Телевизор LG 32LK6190 |25990.00|Телевизоры|http://mvideo.ru//products/televizor-lg-32lk6190-10016585
Телевизор LG 55UK6450 |49390.00|Телевизоры|http://mvideo.ru//products/televizor-lg-55uk6450-10016839
Телевизор Samsung UE32N5000AU |18990.00|Телевизоры|http://mvideo.ru//products/televizor-samsung-ue32n5000au-10018819
Телевизор Sharp LC-32CНG6352E |16990.00|Телевизоры|http://mvideo.ru//products/televizor-sharp-lc-32cng6352e-10012172
Телевизор Prestigio Space 32 White (PTV32DN02Z_WH_CIS) |12990.00|Телевизоры|http://mvideo.ru//products/televizor-prestigio-space-32-white-ptv32dn02z-wh-cis-10019138
Телевизор Haier LE43K6500TF |24990.00|Телевизоры|http://mvideo.ru//products/televizor-haier-le43k6500tf-10018848
Телевизор LG 43UJ750V |49990.00|Телевизоры|http://mvideo.ru//products/televizor-lg-43uj750v-10011851
Телевизор Samsung UE65NU7670U |109990.00|Телевизоры|http://mvideo.ru//products/televizor-samsung-ue65nu7670u-10018343
Телевизор Harper 40F575T |16990.00|Телевизоры|http://mvideo.ru//products/televizor-harper-40f575t-10016646
Телевизор LG 65UK6300PLB |69990.00|Телевизоры|http://mvideo.ru//products/televizor-lg-65uk6300plb-10019001
Телевизор Supra STV-LC40LT0010F |15490.00|Телевизоры|http://mvideo.ru//products/televizor-supra-stv-lc40lt0010f-10021026
Телевизор Sony KDL40RE353 |29990.00|Телевизоры|http://mvideo.ru//products/televizor-sony-kdl40re353-10012276
Телевизор Panasonic TX-32ESR500 |19990.00|Телевизоры|http://mvideo.ru//products/televizor-panasonic-tx-32esr500-10012714
Телевизор Daewoo U43V870VKE |27990.00|Телевизоры|http://mvideo.ru//products/televizor-daewoo-u43v870vke-10018356
Телевизор Harper 20R575T |7990.00|Телевизоры|http://mvideo.ru//products/televizor-harper-20r575t-10013303
Телевизор LG 32LJ510U |15990.00|Телевизоры|http://mvideo.ru//products/televizor-lg-32lj510u-10011840
Телевизор Sharp LC-24CHF4012EW |12490.00|Телевизоры|http://mvideo.ru//products/televizor-sharp-lc-24chf4012ew-10018379
Телевизор Panasonic TX-32FSR400 |18990.00|Телевизоры|http://mvideo.ru//products/televizor-panasonic-tx-32fsr400-10020487
Телевизор Samsung UE49NU8000U |64990.00|Телевизоры|http://mvideo.ru//products/televizor-samsung-ue49nu8000u-10016645
Телевизор LG 49UK7550 |52990.00|Телевизоры|http://mvideo.ru//products/televizor-lg-49uk7550-10016635
Телевизор Sony KD-55XF9005 |124990.00|Телевизоры|http://mvideo.ru//products/televizor-sony-kd-55xf9005-10016596
Телевизор Samsung UE65NU8000U |129990.00|Телевизоры|http://mvideo.ru//products/televizor-samsung-ue65nu8000u-10016643
Телевизор Sharp LC-32HG3242E |16990.00|Телевизоры|http://mvideo.ru//products/televizor-sharp-lc-32hg3242e-10018380
Телевизор Sony KDL-32RE403 |22990.00|Телевизоры|http://mvideo.ru//products/televizor-sony-kdl-32re403-10016642
Телевизор Sony KDL-49WF804 |48990.00|Телевизоры|http://mvideo.ru//products/televizor-sony-kdl-49wf804-10018510
Телевизор Sony KD-55XF7096 |69990.00|Телевизоры|http://mvideo.ru//products/televizor-sony-kd-55xf7096-10018801
Телевизор Samsung UE55NU8500U |89990.00|Телевизоры|http://mvideo.ru//products/televizor-samsung-ue55nu8500u-10016680
Телевизор LG OLED55B8SLB |99990.00|Телевизоры|http://mvideo.ru//products/televizor-lg-oled55b8slb-10019010
Телевизор Panasonic TX-43FR250 |21990.00|Телевизоры|http://mvideo.ru//products/televizor-panasonic-tx-43fr250-10018834
Телевизор LG 65UK7550 |84990.00|Телевизоры|http://mvideo.ru//products/televizor-lg-65uk7550-10016862
Телевизор Sharp LC-65CUG8052E |54990.00|Телевизоры|http://mvideo.ru//products/televizor-sharp-lc-65cug8052e-10012186
Телевизор Sony KDL32WD752 |30990.00|Телевизоры|http://mvideo.ru//products/televizor-sony-kdl32wd752-10010115
Телевизор LG 43LJ594V |25990.00|Телевизоры|http://mvideo.ru//products/televizor-lg-43lj594v-10012590
Телевизор Samsung UE65MU6670U |79990.00|Телевизоры|http://mvideo.ru//products/televizor-samsung-ue65mu6670u-10012484
Телевизор LG OLED55B8PLA |119990.00|Телевизоры|http://mvideo.ru//products/televizor-lg-oled55b8pla-10018698
Телевизор Prestigio Space 24 White (PTV24DN02Z_WH_CIS) |9990.00|Телевизоры|http://mvideo.ru//products/televizor-prestigio-space-24-white-ptv24dn02z-wh-cis-10019136
Телевизор Sony KD-43XF8096 |63590.00|Телевизоры|http://mvideo.ru//products/televizor-sony-kd-43xf8096-10016899
Телевизор Sony KDL32WE613 |25990.00|Телевизоры|http://mvideo.ru//products/televizor-sony-kdl32we613-10012516
Телевизор LG 43LK6100 |29390.00|Телевизоры|http://mvideo.ru//products/televizor-lg-43lk6100-10018502
Телевизор Sony KDL-43WF805 |46990.00|Телевизоры|http://mvideo.ru//products/televizor-sony-kdl-43wf805-10018370
Телевизор LG OLED65B8SLB |169990.00|Телевизоры|http://mvideo.ru//products/televizor-lg-oled65b8slb-10019011
Телевизор Panasonic TX-24FR250 |12990.00|Телевизоры|http://mvideo.ru//products/televizor-panasonic-tx-24fr250-10020486
Телевизор Samsung QE65Q8C (2018) |199990.00|Телевизоры|http://mvideo.ru//products/televizor-samsung-qe65q8c-2018-10016676
Телевизор Harper 28R6753T Silver |11490.00|Телевизоры|http://mvideo.ru//products/televizor-harper-28r6753t-silver-10019973
LED-4K UHD телевизор 66&#034;+ Samsung UE75NU8000U |179990.00|Телевизоры|http://mvideo.ru//products/led-4k-uhd-televizor-66-samsung-ue75nu8000u-10016675
Телевизор Sony KD-49XF7005 |49990.00|Телевизоры|http://mvideo.ru//products/televizor-sony-kd-49xf7005-10018787
Телевизор Harper 43F575T |18990.00|Телевизоры|http://mvideo.ru//products/televizor-harper-43f575t-10013308
Телевизор LG 49SK7900 |44990.00|Телевизоры|http://mvideo.ru//products/televizor-lg-49sk7900-10014078
Телевизор LG 50UK6750 |47990.00|Телевизоры|http://mvideo.ru//products/televizor-lg-50uk6750-10016636
Телевизор LG 55UK7550 |67990.00|Телевизоры|http://mvideo.ru//products/televizor-lg-55uk7550-10016654
LED-4K UHD телевизор 66&#034;+ LG 70UK6710 |99990.00|Телевизоры|http://mvideo.ru//products/led-4k-uhd-televizor-66-lg-70uk6710-10018551
Телевизор Sony KD-49XF7596 |66190.00|Телевизоры|http://mvideo.ru//products/televizor-sony-kd-49xf7596-10018512
Телевизор Sony KD-55XF8096 |84990.00|Телевизоры|http://mvideo.ru//products/televizor-sony-kd-55xf8096-10016859
Телевизор Samsung QE65Q7F (2018) |209990.00|Телевизоры|http://mvideo.ru//products/televizor-samsung-qe65q7f-2018-10016688
Телевизор LG 65SK8100 |119990.00|Телевизоры|http://mvideo.ru//products/televizor-lg-65sk8100-10016860
Телевизор Daewoo L24S631VКE |10990.00|Телевизоры|http://mvideo.ru//products/televizor-daewoo-l24s631vke-50050052
