Подкатегория|Url
Все телевизоры|https://www.mvideo.ru/catalog/televizory-i-video/televizory-i-cifrovoe-tv/televizory-65?reff=menu_main
4K UHD-телевизоры|https://www.mvideo.ru/catalog/televizory-i-video/televizory-i-cifrovoe-tv/televizory-65/f/category=4k-uhd-televizory-1682?reff=menu_main
8K UHD-телевизоры|https://www.mvideo.ru/catalog/televizory-i-video/televizory-i-cifrovoe-tv/televizory-65/f/category=led-8k-televizory-6947?reff=menu_main
Смарт-телевизоры|https://www.mvideo.ru/catalog/televizory-i-video/televizory-i-cifrovoe-tv/televizory-65/f/tehnologiya_smart_tv=da?reff=menu_main
QLED-телевизоры|https://www.mvideo.ru/catalog/televizory-i-video/televizory-i-cifrovoe-tv/televizory-65/f/kvantovij_tochki_tv=da?reff=menu_main
OLED-телевизоры|https://www.mvideo.ru/catalog/televizory-i-video/televizory-i-cifrovoe-tv/televizory-65/f/category=oled-televizory-1987?reff=menu_main
Full HD-телевизоры|https://www.mvideo.ru/catalog/televizory-i-video/televizory-i-cifrovoe-tv/televizory-65/f/razreshenie_ekrana_telev=full-hd?reff=menu_main
Телевизоры с изогнутым экраном|https://www.mvideo.ru/catalog/televizory-i-video/televizory-i-cifrovoe-tv/televizory-65/f/izognut_ekran=da?reff=menu_main
Все ноутбуки|https://www.mvideo.ru/catalog/noutbuki-planshety-i-kompyutery/noutbuki-planshety-komputery/noutbuki-118?reff=menu_main
Игровые ноутбуки|https://www.mvideo.ru/catalog/noutbuki-planshety-i-kompyutery/noutbuki-planshety-komputery/noutbuki-118/f/category=igrovye-noutbuki-3607?reff=menu_main
Apple MacBook|https://www.mvideo.ru/catalog/noutbuki-planshety-i-kompyutery/noutbuki-planshety-komputery/noutbuki-118/f/category=noutbuki-apple-macbook-709?reff=menu_main
Трансформеры 2 в 1|https://www.mvideo.ru/catalog/noutbuki-planshety-i-kompyutery/noutbuki-planshety-komputery/noutbuki-118/f/category=noutbuki-transformery-1224?reff=menu_main
Ноутбуки 10-12,6|https://www.mvideo.ru/catalog/noutbuki-planshety-i-kompyutery/noutbuki-planshety-komputery/noutbuki-118/f/diagonal_ekrana_notebook=ot-10-do-12-6-?reff=menu_main
Ноутбуки 13-14,4|https://www.mvideo.ru/catalog/noutbuki-planshety-i-kompyutery/noutbuki-planshety-komputery/noutbuki-118/f/diagonal_ekrana_notebook=ot-13-do-14-4-?reff=menu_main
Ноутбуки 15-16,4|https://www.mvideo.ru/catalog/noutbuki-planshety-i-kompyutery/noutbuki-planshety-komputery/noutbuki-118/f/diagonal_ekrana_notebook=ot-15-do-16-4-?reff=menu_main
Ноутбуки более 17|https://www.mvideo.ru/catalog/noutbuki-planshety-i-kompyutery/noutbuki-planshety-komputery/noutbuki-118/f/diagonal_ekrana_notebook=17-i-bolee?reff=menu_main
Смартфоны|https://www.mvideo.ru/catalog/telefony/smartfony-i-svyaz/smartfony-205?reff=menu_main
Apple iPhone|https://www.mvideo.ru/catalog/telefony/smartfony-i-svyaz/smartfony-205/f/category=iphone-914?reff=menu_main
Samsung Galaxy|https://www.mvideo.ru/catalog/telefony/smartfony-i-svyaz/smartfony-205/f/brand=samsung?reff=menu_main
Huawei|https://www.mvideo.ru/catalog/telefony/promo/huawei-hub?reff=menu_main
Xiaomi Mi MIX 3|https://www.mvideo.ru/catalog/telefony/promo/xiaomi-mi-mix-3?reff=menu_main
Смартфоны на Android|https://www.mvideo.ru/catalog/telefony/smartfony-i-svyaz/smartfony-205/f/operacionnaya_sistema_smarts=android?reff=menu_main
Домашние телефоны|https://www.mvideo.ru/catalog/telefony/domashnie-i-ofisnye-telefony-radiostancii/domashnie-telefony-4367?reff=menu_main
Кнопочные телефоны|https://www.mvideo.ru/catalog/telefony/smartfony-i-svyaz/mobilnye-telefony-95?from=knopochny?reff=menu_main
Зеркальные|https://www.mvideo.ru/catalog/fotoapparaty-i-videotehnikahttps://www.mvideo.ru/fotoapparaty/zerkalnye-fotoapparaty-169?reff=menu_main
Системные|https://www.mvideo.ru/catalog/fotoapparaty-i-videotehnika/fotoapparaty/fotoapparaty-sistemnye-196?reff=menu_main
Компактные цифровые|https://www.mvideo.ru/catalog/fotoapparaty-i-videotehnika/fotoapparaty/kompaktnye-cifrovye-fotoapparaty-112?reff=menu_main
Фотоаппараты моментальной печати|https://www.mvideo.ru/catalog/fotoapparaty-i-videotehnika/fotoapparaty/fotoapparaty-mgnovennoi-pechati-325?reff=menu_main
Фотоаппараты премиум-класса|https://www.mvideo.ru/catalog/fotoapparaty-i-videotehnika/prophoto?reff=menu_main
Фотоаксессуары премиум|https://www.mvideo.ru/catalog/fotoapparaty-i-videotehnika/aksessuary-prophoto?reff=menu_main
Ультразумы|https://www.mvideo.ru/catalog/fotoapparaty-i-videotehnika/fotoapparaty/kompaktnye-cifrovye-fotoapparaty-112/f/opticheskoe_uvelichenie_photo=bolee-25h?reff=menu_main
Холодильники и морозильные камеры|https://www.mvideo.ru/catalog/tehnika-dlya-kuhni/holodilniki-i-morozilniki/holodilniki-i-morozilnye-kamery-159?reff=menu_main
Холодильники Side-by-Side и многодверные|https://www.mvideo.ru/catalog/tehnika-dlya-kuhni/holodilniki-i-morozilniki/holodilniki-i-morozilnye-kamery-159/f/category=holodilniki-side-by-side-i-mnogodvernye-668?reff=menu_main
Морозильники|https://www.mvideo.ru/catalog/tehnika-dlya-kuhni/holodilniki-i-morozilniki/holodilniki-i-morozilnye-kamery-159/f/category=morozilnye-kamery-717?reff=menu_main
Винные шкафы|https://www.mvideo.ru/catalog/tehnika-dlya-kuhni/holodilniki-i-morozilniki/holodilniki-i-morozilnye-kamery-159/f/category=vinnye-shkafy-715?reff=menu_main
Плиты газовые|https://www.mvideo.ru/catalog/tehnika-dlya-kuhni/krupnaya-kuhonnaya-tehnika/plity-gazovye-i-elektricheskie-110/f/category=gazovye-plity-671?reff=menu_main
Плиты электрические|https://www.mvideo.ru/catalog/tehnika-dlya-kuhni/krupnaya-kuhonnaya-tehnika/plity-gazovye-i-elektricheskie-110/f/category=elektricheskie-plity-673?reff=menu_main
Посудомоечные машины|https://www.mvideo.ru/catalog/tehnika-dlya-kuhni/krupnaya-kuhonnaya-tehnika/posudomoechnye-mashiny-160?reff=menu_main
Стиральные машины|https://www.mvideo.ru/catalog/bytovaya-tehnika-dlya-doma/stiralnye-i-sushilnye-mashiny/stiralnye-mashiny-89
Узкие стиральные машины|https://www.mvideo.ru/catalog/bytovaya-tehnika-dlya-doma/stiralnye-i-sushilnye-mashiny/stiralnye-mashiny-89/f/category=uzkie-stiralnye-mashiny-2446
Стиральные машины с сушкой|https://www.mvideo.ru/catalog/bytovaya-tehnika-dlya-doma/stiralnye-i-sushilnye-mashiny/stiralnye-mashiny-89/f/category=stiralnye-mashiny-s-sushkoi-2449
Сушильные машины|https://www.mvideo.ru/catalog/bytovaya-tehnika-dlya-doma/stiralnye-i-sushilnye-mashiny/stiralnye-mashiny-89/f/category=sushilnye-mashiny-2453
Стиральные машины встраиваемые|https://www.mvideo.ru/catalog/bytovaya-tehnika-dlya-doma/vstraivaemaya-tehnika/vstraivaemye-stiralnye-mashiny-201
Премиум стиральные машины|https://www.mvideo.ru/catalog/bytovaya-tehnika-dlya-doma/stiralnye-i-sushilnye-mashiny/stiralnye-mashiny-89/f/category=standartnye-stiralnye-mashiny-2447/brand=miele
Компактные стиральные машины|https://www.mvideo.ru/catalog/bytovaya-tehnika-dlya-doma/stiralnye-i-sushilnye-mashiny/stiralnye-mashiny-89/f/category=kompaktnye-stiralnye-mashiny-2450,stiralnye-mashiny-aktivatornogo-tipa-2451
Аксессуары для стиральных машин|https://www.mvideo.ru/catalog/bytovaya-tehnika-dlya-doma/aksessuary-dlya-doma/aksessuary-dlya-stiralnyh-mashin-382
Электрощипцы и плойки|https://www.mvideo.ru/catalog/krasota-i-zdorove/tovary-dlya-ukladki-volos/elektroshhipcy-4892
Выпрямители|https://www.mvideo.ru/catalog/krasota-i-zdorove/tovary-dlya-ukladki-volos/vypryamiteli-volos-4895
Мультистайлеры|https://www.mvideo.ru/catalog/krasota-i-zdorove/tovary-dlya-ukladki-volos/elektroshhipcy-4892/f/category=multistailery-4967
Электробигуди|https://www.mvideo.ru/catalog/krasota-i-zdorove/tovary-dlya-ukladki-volos/elektrobigudi-4893
Фены и фены-щётки|https://www.mvideo.ru/catalog/krasota-i-zdorove/tovary-dlya-ukladki-volos/feny-4889
Термощётки|https://www.mvideo.ru/catalog/krasota-i-zdorove/tovary-dlya-ukladki-volos/termoshhetki-4894
Средства для укладки|https://www.mvideo.ru/catalog/krasota-i-zdorove/tovary-dlya-ukladki-volos/sredstva-dlya-ukladki-volos-4896
Видеорегистраторы|https://www.mvideo.ru/catalog/avtomobilnaya-elektronika-i-gps/navigatory-i-avtomobilnaya-elektronika/videoregistratory-209
Радар-детекторы|https://www.mvideo.ru/catalog/avtomobilnaya-elektronika-i-gps/navigatory-i-avtomobilnaya-elektronika/radar-detektory-210
GPS-навигаторы|https://www.mvideo.ru/catalog/avtomobilnaya-elektronika-i-gps/navigatory-i-avtomobilnaya-elektronika/portativnye-gps-navigatory-176
Автомобильные навигаторы Garmin|https://www.mvideo.ru/catalog/avtomobilnaya-elektronika-i-gps/navigatory-i-avtomobilnaya-elektronika/portativnye-gps-navigatory-176/f/brand=garmin
Туристические навигаторы Garmin|https://www.mvideo.ru/catalog/avtomobilnaya-elektronika-i-gps/navigatory-i-avtomobilnaya-elektronika/turisticheskie-navigatory-334
Радиостанции|https://www.mvideo.ru/catalog/avtomobilnaya-elektronika-i-gps/domashnie-i-ofisnye-telefony-radiostancii/radiostancii-163?reff=menu_main
Мотогарнитуры|https://www.mvideo.ru/catalog/avtomobilnaya-elektronika-i-gps/navigatory-i-avtomobilnaya-elektronika/motogarnitury-3867
Карты памяти MicroSDHC|https://www.mvideo.ru/catalog/avtomobilnaya-elektronika-i-gps/aksessuary-dlya-telefonov/karty-pamyati-2590/f/category=microsdhc-microsdxc-1073
Акции|https://www.mvideo.ru/catalog/igry-i-razvlecheniya/promo/igrajut-vse?reff=menu_main
Новинки|https://www.mvideo.ru/catalog/igry-i-razvlecheniya/promo/igrovye-novinki-v-m-video-mark117410163?reff=menu_main
Предзаказы|https://www.mvideo.ru/catalog/igry-i-razvlecheniya/promo/predzakazy-v-m-video-tolko-hity-mark129324083?reff=menu_main
ТОП продаж|https://www.mvideo.ru/catalog/igry-i-razvlecheniya/promo/top-igr-v-m-video-mark117410166?reff=menu_main
Фигурки|https://www.mvideo.ru/catalog/igry-i-razvlecheniya/hobbi/figurki-personazhei-5027?reff=menu_main
Обзоры|https://www.mvideo.ru/catalog/igry-i-razvlecheniya/mgame-review?reff=menu_main
Главные игры месяца|https://www.mvideo.ru/catalog/igry-i-razvlecheniya/obzor-glavnyh-igr-fevralya-2019?reff=menu_main
M.Game в соцсетях|https://www.mvideo.ru/catalog/igry-i-razvlecheniya/mgame#social?reff=menu_main
Клавиатуры и мыши|https://www.mvideo.ru/catalog/aksessuary/klaviatury-i-myshi
Роутеры и сетевое оборудование|https://www.mvideo.ru/catalog/aksessuary/komputernye-aksessuary/routery-i-setevoe-oborudovanie-186
Флеш-накопители|https://www.mvideo.ru/catalog/aksessuary/komputernye-aksessuary/flesh-nakopiteli-185
Игровые аксессуары|https://www.mvideo.ru/catalog/aksessuary/promo/aksessuary-dlja-igr
Компьютерные колонки|https://www.mvideo.ru/catalog/aksessuary/komputernye-aksessuary/komputernye-kolonki-182
Компьютерная мебель|https://www.mvideo.ru/catalog/aksessuary/komputernye-aksessuary/komputernaya-mebel-1781
Внешние жёсткие диски|https://www.mvideo.ru/catalog/aksessuary/komputernye-aksessuary/vneshnie-zhestkie-diski-i-ssd-184
Сумки для ноутбуков|https://www.mvideo.ru/catalog/aksessuary/komputernye-aksessuary/sumki-dlya-noutbukov-216
